scenario_id,configuration,family,severity,t_sec,produced_total,completed_in_time_total,expired_total,salvageable_unsettled_cases,doomed_unsettled_cases,comfortable_slack_cases,warning_slack_cases,critical_slack_cases,active_settlement_cases,active_settlement_share,pending_cases,retained_backlog_cases,retained_backlog_share,salvageable_unsettled_share,doomed_unsettled_share,critical_slack_share
deadline_constrained__retained_deferred__backlog_shock__standard,retained_deferred,backlog_shock,standard,0.0,0.0,0.0,0.0,0.0,0.0,0.0,0.0,0.0,0.0,0.0,0.0,0.0,0.0,0.0,0.0,0.0
deadline_constrained__retained_deferred__backlog_shock__standard,retained_deferred,backlog_shock,standard,0.25,0.0,0.0,0.0,0.0,0.0,0.0,0.0,0.0,0.0,0.0,0.0,0.0,0.0,0.0,0.0,0.0
deadline_constrained__retained_deferred__backlog_shock__standard,retained_deferred,backlog_shock,standard,0.5,0.0,0.0,0.0,0.0,0.0,0.0,0.0,0.0,0.0,0.0,0.0,0.0,0.0,0.0,0.0,0.0
deadline_constrained__retained_deferred__backlog_shock__standard,retained_deferred,backlog_shock,standard,0.75,0.0,0.0,0.0,0.0,0.0,0.0,0.0,0.0,0.0,0.0,0.0,0.0,0.0,0.0,0.0,0.0
deadline_constrained__retained_deferred__backlog_shock__standard,retained_deferred,backlog_shock,standard,1.0,23.0,1.0,0.0,22.0,0.0,22.0,0.0,0.0,22.0,0.961925,22.0,0.0,0.0,0.961925,0.0,0.0
deadline_constrained__retained_deferred__backlog_shock__standard,retained_deferred,backlog_shock,standard,1.25,68.0,1.0,0.0,67.0,0.0,67.0,0.0,0.0,67.0,0.985291,67.0,0.0,0.0,0.985291,0.0,0.0
deadline_constrained__retained_deferred__backlog_shock__standard,retained_deferred,backlog_shock,standard,1.5,111.0,1.0,0.0,101.5,0.0,98.0,2.0,0.0,101.5,0.990192,101.5,0.0,0.0,0.990192,0.0,0.0
deadline_constrained__retained_deferred__backlog_shock__standard,retained_deferred,backlog_shock,standard,1.75,145.5,129.0,0.0,26.5,0.0,26.5,0.0,0.0,26.5,0.167709,26.5,0.0,0.0,0.167709,0.0,0.0
deadline_constrained__retained_deferred__backlog_shock__standard,retained_deferred,backlog_shock,standard,2.0,188.5,129.0,0.0,57.0,0.0,57.0,0.0,0.0,57.0,0.275097,43.0,0.0,0.0,0.275097,0.0,0.0
deadline_constrained__retained_deferred__backlog_shock__standard,retained_deferred,backlog_shock,standard,2.25,686.0,129.0,69.0,207.0,277.0,104.0,53.0,51.5,207.0,0.306352,0.0,0.0,0.0,0.306352,0.402755,0.075126
deadline_constrained__retained_deferred__backlog_shock__standard,retained_deferred,backlog_shock,standard,2.5,686.0,129.0,71.0,208.5,277.0,104.0,53.0,52.5,208.5,0.304154,0.0,0.0,0.0,0.304154,0.402755,0.075865
deadline_constrained__retained_deferred__backlog_shock__standard,retained_deferred,backlog_shock,standard,2.75,686.0,129.0,71.0,208.5,277.0,104.0,53.0,52.5,208.5,0.304154,0.0,0.0,0.0,0.304154,0.402755,0.075865
deadline_constrained__retained_deferred__backlog_shock__standard,retained_deferred,backlog_shock,standard,3.0,686.0,129.0,71.0,208.5,277.0,104.0,53.0,52.5,208.5,0.304154,0.0,0.0,0.0,0.304154,0.402755,0.075865
deadline_constrained__retained_deferred__backlog_shock__standard,retained_deferred,backlog_shock,standard,3.25,686.0,129.0,71.0,208.5,277.0,104.0,53.0,52.5,208.5,0.304154,0.0,0.0,0.0,0.304154,0.402755,0.075865
deadline_constrained__retained_deferred__backlog_shock__standard,retained_deferred,backlog_shock,standard,3.5,686.0,129.0,71.0,208.5,277.0,104.0,53.0,52.5,208.5,0.304154,0.0,0.0,0.0,0.304154,0.402755,0.075865
deadline_constrained__retained_deferred__backlog_shock__standard,retained_deferred,backlog_shock,standard,3.75,686.0,129.0,71.0,208.5,277.0,104.0,53.0,52.5,208.5,0.304154,0.0,0.0,0.0,0.304154,0.402755,0.075865
deadline_constrained__retained_deferred__backlog_shock__standard,retained_deferred,backlog_shock,standard,4.0,686.0,129.0,71.0,208.5,277.0,104.0,53.0,52.5,208.5,0.304154,0.0,0.0,0.0,0.304154,0.402755,0.075865
deadline_constrained__retained_deferred__backlog_shock__standard,retained_deferred,backlog_shock,standard,4.25,686.0,129.0,71.0,208.5,277.0,104.0,53.0,52.5,208.5,0.304154,0.0,0.0,0.0,0.304154,0.402755,0.075865
deadline_constrained__retained_deferred__backlog_shock__standard,retained_deferred,backlog_shock,standard,4.5,686.0,129.0,71.0,208.5,277.0,104.0,53.0,52.5,208.5,0.304154,0.0,0.0,0.0,0.304154,0.402755,0.075865
deadline_constrained__retained_deferred__backlog_shock__standard,retained_deferred,backlog_shock,standard,4.75,686.0,129.0,71.0,208.5,277.0,104.0,53.0,52.5,208.5,0.302873,0.0,0.0,0.0,0.302873,0.402755,0.075126
deadline_constrained__retained_deferred__backlog_shock__standard,retained_deferred,backlog_shock,standard,5.0,688.5,129.0,71.0,209.0,277.0,104.0,53.0,52.0,209.0,0.302873,0.0,0.0,0.0,0.302873,0.402755,0.073772
deadline_constrained__retained_deferred__backlog_shock__standard,retained_deferred,backlog_shock,standard,5.25,733.0,129.0,71.0,209.5,322.0,104.0,52.0,53.0,209.5,0.285417,532.5,0.0,0.0,0.285417,0.439926,0.071965
deadline_constrained__retained_deferred__backlog_shock__standard,retained_deferred,backlog_shock,standard,5.5,778.5,131.0,72.5,202.5,325.0,102.0,51.0,52.0,202.5,0.267091,529.5,0.0,0.0,0.267091,0.443047,0.067697
deadline_constrained__retained_deferred__backlog_shock__standard,retained_deferred,backlog_shock,standard,5.75,827.5,333.0,487.5,11.0,0.0,11.0,0.0,0.0,11.0,0.013995,0.0,0.0,0.0,0.013995,0.0,0.0
deadline_constrained__retained_deferred__backlog_shock__standard,retained_deferred,backlog_shock,standard,6.0,872.5,333.0,487.5,56.0,0.0,56.0,0.0,0.0,56.0,0.064094,55.5,0.0,0.0,0.064094,0.0,0.0
deadline_constrained__retained_deferred__backlog_shock__standard,retained_deferred,backlog_shock,standard,6.25,917.0,333.0,487.5,100.5,0.0,100.5,0.0,0.0,100.5,0.110037,100.0,0.0,0.0,0.110037,0.0,0.0
deadline_constrained__retained_deferred__backlog_shock__standard,retained_deferred,backlog_shock,standard,6.5,962.5,470.0,487.5,5.0,0.0,5.0,0.0,0.0,5.0,0.00528,4.5,0.0,0.0,0.00528,0.0,0.0
deadline_constrained__retained_deferred__backlog_shock__standard,retained_deferred,backlog_shock,standard,6.75,1000.0,470.0,487.5,37.0,0.0,34.0,0.0,0.0,37.0,0.037,37.0,0.0,0.0,0.037,0.0,0.0
deadline_constrained__retained_deferred__backlog_shock__standard,retained_deferred,backlog_shock,standard,7.0,1000.0,470.0,487.5,42.0,0.0,30.5,1.0,0.0,42.0,0.042,42.0,0.0,0.0,0.042,0.0,0.0
deadline_constrained__retained_deferred__backlog_shock__standard,retained_deferred,backlog_shock,standard,7.25,1000.0,477.5,487.5,40.0,0.0,17.5,11.0,0.0,40.0,0.04,40.0,0.0,0.0,0.04,0.0,0.0
deadline_constrained__retained_deferred__backlog_shock__standard,retained_deferred,backlog_shock,standard,7.5,1000.0,511.5,487.5,0.0,0.0,0.0,0.0,0.0,0.0,0.0,0.0,0.0,0.0,0.0,0.0,0.0
deadline_constrained__retained_deferred__backlog_shock__standard,retained_deferred,backlog_shock,standard,7.75,1000.0,512.5,487.5,0.0,0.0,0.0,0.0,0.0,0.0,0.0,0.0,0.0,0.0,0.0,0.0,0.0
deadline_constrained__retained_deferred__backlog_shock__standard,retained_deferred,backlog_shock,standard,8.0,1000.0,512.5,487.5,0.0,0.0,0.0,0.0,0.0,0.0,0.0,0.0,0.0,0.0,0.0,0.0,0.0
deadline_constrained__retained_deferred__backlog_shock__standard,retained_deferred,backlog_shock,standard,8.25,1000.0,512.5,487.5,0.0,0.0,0.0,0.0,0.0,0.0,0.0,0.0,0.0,0.0,0.0,0.0,0.0
deadline_constrained__retained_deferred__backlog_shock__standard,retained_deferred,backlog_shock,standard,8.5,1000.0,512.5,487.5,0.0,0.0,0.0,0.0,0.0,0.0,0.0,0.0,0.0,0.0,0.0,0.0,0.0
deadline_constrained__retained_deferred__backlog_shock__standard,retained_deferred,backlog_shock,standard,8.75,1000.0,512.5,487.5,0.0,0.0,0.0,0.0,0.0,0.0,0.0,0.0,0.0,0.0,0.0,0.0,0.0
deadline_constrained__retained_deferred__backlog_shock__standard,retained_deferred,backlog_shock,standard,9.0,1000.0,512.5,487.5,0.0,0.0,0.0,0.0,0.0,0.0,0.0,0.0,0.0,0.0,0.0,0.0,0.0
deadline_constrained__retained_deferred__backlog_shock__standard,retained_deferred,backlog_shock,standard,9.25,1000.0,512.5,487.5,0.0,0.0,0.0,0.0,0.0,0.0,0.0,0.0,0.0,0.0,0.0,0.0,0.0
deadline_constrained__retained_deferred__backlog_shock__standard,retained_deferred,backlog_shock,standard,9.5,1000.0,512.5,487.5,0.0,0.0,0.0,0.0,0.0,0.0,0.0,0.0,0.0,0.0,0.0,0.0,0.0
deadline_constrained__retained_deferred__backlog_shock__standard,retained_deferred,backlog_shock,standard,9.75,1000.0,512.5,487.5,0.0,0.0,0.0,0.0,0.0,0.0,0.0,0.0,0.0,0.0,0.0,0.0,0.0
deadline_constrained__retained_deferred__backlog_shock__standard,retained_deferred,backlog_shock,standard,10.0,1000.0,512.5,487.5,0.0,0.0,0.0,0.0,0.0,0.0,0.0,0.0,0.0,0.0,0.0,0.0,0.0
deadline_constrained__retained_deferred__backlog_shock__standard,retained_deferred,backlog_shock,standard,10.25,1000.0,512.5,487.5,0.0,0.0,0.0,0.0,0.0,0.0,0.0,0.0,0.0,0.0,0.0,0.0,0.0
deadline_constrained__retained_deferred__backlog_shock__standard,retained_deferred,backlog_shock,standard,10.5,1000.0,512.5,487.5,0.0,0.0,0.0,0.0,0.0,0.0,0.0,0.0,0.0,0.0,0.0,0.0,0.0
deadline_constrained__retained_deferred__backlog_shock__standard,retained_deferred,backlog_shock,standard,10.75,1000.0,512.5,487.5,0.0,0.0,0.0,0.0,0.0,0.0,0.0,0.0,0.0,0.0,0.0,0.0,0.0
deadline_constrained__retained_deferred__baseline__standard,retained_deferred,baseline,standard,0.0,0.0,0.0,0.0,0.0,0.0,0.0,0.0,0.0,0.0,0.0,0.0,0.0,0.0,0.0,0.0,0.0
deadline_constrained__retained_deferred__baseline__standard,retained_deferred,baseline,standard,0.25,0.0,0.0,0.0,0.0,0.0,0.0,0.0,0.0,0.0,0.0,0.0,0.0,0.0,0.0,0.0,0.0
deadline_constrained__retained_deferred__baseline__standard,retained_deferred,baseline,standard,0.5,0.0,0.0,0.0,0.0,0.0,0.0,0.0,0.0,0.0,0.0,0.0,0.0,0.0,0.0,0.0,0.0
deadline_constrained__retained_deferred__baseline__standard,retained_deferred,baseline,standard,0.75,0.0,0.0,0.0,0.0,0.0,0.0,0.0,0.0,0.0,0.0,0.0,0.0,0.0,0.0,0.0,0.0
deadline_constrained__retained_deferred__baseline__standard,retained_deferred,baseline,standard,1.0,26.5,1.0,0.0,21.5,0.0,21.5,0.0,0.0,21.5,0.955534,21.5,0.0,0.0,0.955534,0.0,0.0
deadline_constrained__retained_deferred__baseline__standard,retained_deferred,baseline,standard,1.25,71.0,44.5,0.0,22.5,0.0,22.5,0.0,0.0,22.5,0.335562,22.5,0.0,0.0,0.335562,0.0,0.0
deadline_constrained__retained_deferred__baseline__standard,retained_deferred,baseline,standard,1.5,115.0,89.0,0.0,21.5,0.0,21.5,0.0,0.0,21.5,0.192769,21.5,0.0,0.0,0.192769,0.0,0.0
deadline_constrained__retained_deferred__baseline__standard,retained_deferred,baseline,standard,1.75,158.5,134.0,0.0,20.5,0.0,20.5,0.0,0.0,20.5,0.131411,20.5,0.0,0.0,0.131411,0.0,0.0
deadline_constrained__retained_deferred__baseline__standard,retained_deferred,baseline,standard,2.0,203.0,179.5,0.0,20.0,0.0,20.0,0.0,0.0,20.0,0.099502,20.0,0.0,0.0,0.099502,0.0,0.0
deadline_constrained__retained_deferred__baseline__standard,retained_deferred,baseline,standard,2.25,248.0,224.5,0.0,19.5,0.0,19.5,0.0,0.0,19.5,0.079268,19.5,0.0,0.0,0.079268,0.0,0.0
deadline_constrained__retained_deferred__baseline__standard,retained_deferred,baseline,standard,2.5,292.5,269.5,0.0,24.0,0.0,24.0,0.0,0.0,24.0,0.082001,24.0,0.0,0.0,0.082001,0.0,0.0
deadline_constrained__retained_deferred__baseline__standard,retained_deferred,baseline,standard,2.75,337.5,314.5,0.0,27.0,0.0,27.0,0.0,0.0,27.0,0.079181,27.0,0.0,0.0,0.079181,0.0,0.0
deadline_constrained__retained_deferred__baseline__standard,retained_deferred,baseline,standard,3.0,382.5,359.5,0.0,27.5,0.0,27.5,0.0,0.0,27.5,0.071239,27.5,0.0,0.0,0.071239,0.0,0.0
deadline_constrained__retained_deferred__baseline__standard,retained_deferred,baseline,standard,3.25,427.5,405.0,0.0,27.0,0.0,27.0,0.0,0.0,27.0,0.062635,27.0,0.0,0.0,0.062635,0.0,0.0
deadline_constrained__retained_deferred__baseline__standard,retained_deferred,baseline,standard,3.5,472.0,451.0,0.0,26.5,0.0,26.5,0.0,0.0,26.5,0.055668,26.5,0.0,0.0,0.055668,0.0,0.0
deadline_constrained__retained_deferred__baseline__standard,retained_deferred,baseline,standard,3.75,513.0,494.5,0.0,26.5,0.0,26.5,0.0,0.0,26.5,0.053242,26.5,0.0,0.0,0.053242,0.0,0.0
deadline_constrained__retained_deferred__baseline__standard,retained_deferred,baseline,standard,4.0,557.5,539.0,0.0,25.0,0.0,25.0,0.0,0.0,25.0,0.046133,25.0,0.0,0.0,0.046133,0.0,0.0
deadline_constrained__retained_deferred__baseline__standard,retained_deferred,baseline,standard,4.25,602.0,584.5,0.0,25.0,0.0,25.0,0.0,0.0,25.0,0.042592,25.0,0.0,0.0,0.042592,0.0,0.0
deadline_constrained__retained_deferred__baseline__standard,retained_deferred,baseline,standard,4.5,636.0,613.0,0.0,24.5,0.0,24.5,0.0,0.0,24.5,0.038791,24.5,0.0,0.0,0.038791,0.0,0.0
deadline_constrained__retained_deferred__baseline__standard,retained_deferred,baseline,standard,4.75,681.5,659.0,0.0,24.5,0.0,24.5,0.0,0.0,24.5,0.036185,24.5,0.0,0.0,0.036185,0.0,0.0
deadline_constrained__retained_deferred__baseline__standard,retained_deferred,baseline,standard,5.0,727.5,705.0,0.0,24.5,0.0,24.5,0.0,0.0,24.5,0.033908,24.5,0.0,0.0,0.033908,0.0,0.0
deadline_constrained__retained_deferred__baseline__standard,retained_deferred,baseline,standard,5.25,772.5,751.0,0.0,24.0,0.0,24.0,0.0,0.0,24.0,0.031286,24.0,0.0,0.0,0.031286,0.0,0.0
deadline_constrained__retained_deferred__baseline__standard,retained_deferred,baseline,standard,5.5,816.5,796.5,0.0,24.0,0.0,24.0,0.0,0.0,24.0,0.029531,24.0,0.0,0.0,0.029531,0.0,0.0
deadline_constrained__retained_deferred__baseline__standard,retained_deferred,baseline,standard,5.75,846.0,820.5,0.0,23.5,0.0,23.5,0.0,0.0,23.5,0.028056,23.5,0.0,0.0,0.028056,0.0,0.0
deadline_constrained__retained_deferred__baseline__standard,retained_deferred,baseline,standard,6.0,890.0,859.0,0.0,23.5,0.0,23.5,0.0,0.0,23.5,0.026628,23.5,0.0,0.0,0.026628,0.0,0.0
deadline_constrained__retained_deferred__baseline__standard,retained_deferred,baseline,standard,6.25,927.5,903.5,0.0,24.0,0.0,24.0,0.0,0.0,24.0,0.025875,24.0,0.0,0.0,0.025875,0.0,0.0
deadline_constrained__retained_deferred__baseline__standard,retained_deferred,baseline,standard,6.5,972.0,949.0,0.0,23.5,0.0,23.5,0.0,0.0,23.5,0.024177,23.5,0.0,0.0,0.024177,0.0,0.0
deadline_constrained__retained_deferred__baseline__standard,retained_deferred,baseline,standard,6.75,1000.0,992.0,0.0,8.0,0.0,8.0,0.0,0.0,8.0,0.008,8.0,0.0,0.0,0.008,0.0,0.0
deadline_constrained__retained_deferred__baseline__standard,retained_deferred,baseline,standard,7.0,1000.0,1000.0,0.0,0.0,0.0,0.0,0.0,0.0,0.0,0.0,0.0,0.0,0.0,0.0,0.0,0.0
deadline_constrained__retained_deferred__baseline__standard,retained_deferred,baseline,standard,7.25,1000.0,1000.0,0.0,0.0,0.0,0.0,0.0,0.0,0.0,0.0,0.0,0.0,0.0,0.0,0.0,0.0
deadline_constrained__retained_deferred__baseline__standard,retained_deferred,baseline,standard,7.5,1000.0,1000.0,0.0,0.0,0.0,0.0,0.0,0.0,0.0,0.0,0.0,0.0,0.0,0.0,0.0,0.0
deadline_constrained__retained_deferred__baseline__standard,retained_deferred,baseline,standard,7.75,1000.0,1000.0,0.0,0.0,0.0,0.0,0.0,0.0,0.0,0.0,0.0,0.0,0.0,0.0,0.0,0.0
deadline_constrained__retained_deferred__baseline__standard,retained_deferred,baseline,standard,8.0,1000.0,1000.0,0.0,0.0,0.0,0.0,0.0,0.0,0.0,0.0,0.0,0.0,0.0,0.0,0.0,0.0
deadline_constrained__retained_deferred__baseline__standard,retained_deferred,baseline,standard,8.25,1000.0,1000.0,0.0,0.0,0.0,0.0,0.0,0.0,0.0,0.0,0.0,0.0,0.0,0.0,0.0,0.0
deadline_constrained__retained_deferred__baseline__standard,retained_deferred,baseline,standard,8.5,1000.0,1000.0,0.0,0.0,0.0,0.0,0.0,0.0,0.0,0.0,0.0,0.0,0.0,0.0,0.0,0.0
deadline_constrained__retained_deferred__baseline__standard,retained_deferred,baseline,standard,8.75,1000.0,1000.0,0.0,0.0,0.0,0.0,0.0,0.0,0.0,0.0,0.0,0.0,0.0,0.0,0.0,0.0
deadline_constrained__retained_deferred__baseline__standard,retained_deferred,baseline,standard,9.0,1000.0,1000.0,0.0,0.0,0.0,0.0,0.0,0.0,0.0,0.0,0.0,0.0,0.0,0.0,0.0,0.0
deadline_constrained__retained_deferred__baseline__standard,retained_deferred,baseline,standard,9.25,1000.0,1000.0,0.0,0.0,0.0,0.0,0.0,0.0,0.0,0.0,0.0,0.0,0.0,0.0,0.0,0.0
deadline_constrained__retained_deferred__degradation__high,retained_deferred,degradation,high,0.0,0.0,0.0,0.0,0.0,0.0,0.0,0.0,0.0,0.0,0.0,0.0,0.0,0.0,0.0,0.0,0.0
deadline_constrained__retained_deferred__degradation__high,retained_deferred,degradation,high,0.25,0.0,0.0,0.0,0.0,0.0,0.0,0.0,0.0,0.0,0.0,0.0,0.0,0.0,0.0,0.0,0.0
deadline_constrained__retained_deferred__degradation__high,retained_deferred,degradation,high,0.5,0.0,0.0,0.0,0.0,0.0,0.0,0.0,0.0,0.0,0.0,0.0,0.0,0.0,0.0,0.0,0.0
deadline_constrained__retained_deferred__degradation__high,retained_deferred,degradation,high,0.75,0.0,0.0,0.0,0.0,0.0,0.0,0.0,0.0,0.0,0.0,0.0,0.0,0.0,0.0,0.0,0.0
deadline_constrained__retained_deferred__degradation__high,retained_deferred,degradation,high,1.0,16.5,0.0,0.0,16.5,0.0,16.5,0.0,0.0,11.0,0.69853,2.0,2.0,0.125,1.0,0.0,0.0
deadline_constrained__retained_deferred__degradation__high,retained_deferred,degradation,high,1.25,60.5,0.0,0.0,60.5,0.0,60.5,0.0,0.0,51.0,0.933333,7.0,3.0,0.066667,1.0,0.0,0.0
deadline_constrained__retained_deferred__degradation__high,retained_deferred,degradation,high,1.5,105.0,10.5,0.0,94.0,0.0,94.0,0.0,0.0,24.5,0.248742,0.5,67.0,0.677149,0.900435,0.0,0.0
deadline_constrained__retained_deferred__degradation__high,retained_deferred,degradation,high,1.75,148.5,11.0,0.0,137.5,0.0,104.5,34.0,0.0,68.5,0.447712,5.0,63.5,0.479302,0.923776,0.0,0.0
deadline_constrained__retained_deferred__degradation__high,retained_deferred,degradation,high,2.0,192.5,11.0,0.0,181.5,0.0,104.5,52.0,25.5,118.0,0.598283,10.0,58.5,0.337089,0.941414,0.0,0.132462
deadline_constrained__retained_deferred__degradation__high,retained_deferred,degradation,high,2.25,237.0,11.0,0.0,209.5,17.0,104.5,52.0,52.5,154.5,0.647663,15.0,53.5,0.247128,0.881857,0.07173,0.219209
deadline_constrained__retained_deferred__degradation__high,retained_deferred,degradation,high,2.5,281.0,11.0,0.0,209.0,61.5,104.5,52.0,52.0,159.0,0.571884,20.0,48.5,0.186518,0.741993,0.218861,0.185053
deadline_constrained__retained_deferred__degradation__high,retained_deferred,degradation,high,2.75,325.5,11.0,0.0,209.0,105.0,104.0,52.0,52.0,164.0,0.50963,25.0,43.5,0.142823,0.643625,0.322581,0.159755
deadline_constrained__retained_deferred__degradation__high,retained_deferred,degradation,high,3.0,370.0,11.0,0.0,209.0,148.5,105.0,52.0,52.0,169.5,0.459506,30.0,38.5,0.110435,0.568919,0.401351,0.140858
deadline_constrained__retained_deferred__degradation__high,retained_deferred,degradation,high,3.25,416.0,11.0,31.0,209.5,163.5,105.0,52.0,52.0,174.0,0.418623,3.0,34.5,0.087857,0.50601,0.393029,0.12635
deadline_constrained__retained_deferred__degradation__high,retained_deferred,degradation,high,3.5,461.0,11.0,31.0,209.5,208.0,105.0,52.0,51.5,179.0,0.392099,8.0,29.5,0.067541,0.457701,0.451193,0.114967
deadline_constrained__retained_deferred__degradation__high,retained_deferred,degradation,high,3.75,505.5,11.0,31.0,209.0,253.0,105.0,52.0,52.0,183.0,0.365712,13.0,26.0,0.051049,0.416416,0.500497,0.103928
deadline_constrained__retained_deferred__degradation__high,retained_deferred,degradation,high,4.0,551.5,11.0,31.0,210.5,298.5,105.0,53.0,53.0,186.0,0.338068,18.0,21.0,0.039216,0.383017,0.541102,0.095978
deadline_constrained__retained_deferred__degradation__high,retained_deferred,degradation,high,4.25,596.5,11.0,31.0,210.0,343.5,105.0,53.0,52.0,190.0,0.32283,22.0,16.0,0.027586,0.352304,0.575705,0.088853
deadline_constrained__retained_deferred__degradation__high,retained_deferred,degradation,high,4.5,641.0,11.0,31.0,209.0,388.5,104.5,52.5,52.0,194.5,0.30976,27.0,11.0,0.017614,0.327362,0.606084,0.082078
deadline_constrained__retained_deferred__degradation__high,retained_deferred,degradation,high,4.75,687.0,11.0,46.0,209.5,408.5,104.5,53.0,52.0,199.5,0.293502,15.5,6.0,0.008962,0.305456,0.592297,0.076646
deadline_constrained__retained_deferred__degradation__high,retained_deferred,degradation,high,5.0,733.0,11.0,62.0,209.5,449.5,105.0,52.0,53.0,191.0,0.268393,4.0,10.5,0.014305,0.287176,0.613233,0.072305
deadline_constrained__retained_deferred__degradation__high,retained_deferred,degradation,high,5.25,775.5,11.0,62.0,209.0,494.0,105.5,52.0,52.0,16.5,0.021117,9.0,193.5,0.238656,0.271208,0.634961,0.06808
deadline_constrained__retained_deferred__degradation__high,retained_deferred,degradation,high,5.5,820.0,11.0,62.0,209.0,539.0,105.0,52.5,52.5,21.0,0.025443,14.0,188.5,0.22067,0.256831,0.654524,0.064299
deadline_constrained__retained_deferred__degradation__high,retained_deferred,degradation,high,5.75,865.5,11.0,62.0,208.5,583.5,105.5,52.5,53.0,24.5,0.028399,19.0,187.0,0.215598,0.243664,0.672235,0.061236
deadline_constrained__retained_deferred__degradation__high,retained_deferred,degradation,high,6.0,911.0,11.0,62.0,210.0,630.5,106.0,52.0,52.5,30.0,0.033007,24.0,182.0,0.19914,0.230475,0.68958,0.057986
deadline_constrained__retained_deferred__degradation__high,retained_deferred,degradation,high,6.25,952.0,11.0,62.0,209.0,652.5,106.0,52.5,53.0,34.0,0.035699,28.0,177.0,0.184892,0.222298,0.696312,0.055234
deadline_constrained__retained_deferred__degradation__high,retained_deferred,degradation,high,6.5,975.5,11.0,92.0,204.5,660.5,102.5,53.0,52.0,26.0,0.026481,2.0,174.0,0.178791,0.21418,0.679477,0.05324
deadline_constrained__retained_deferred__degradation__high,retained_deferred,degradation,high,6.75,1000.0,11.0,92.0,186.5,706.0,84.0,52.5,52.5,11.0,0.011,7.0,169.0,0.169,0.1905,0.706,0.053
deadline_constrained__retained_deferred__degradation__high,retained_deferred,degradation,high,7.0,1000.0,11.0,92.0,157.5,739.0,51.5,52.5,52.5,0.0,0.0,11.5,164.0,0.164,0.1575,0.739,0.0525
deadline_constrained__retained_deferred__degradation__high,retained_deferred,degradation,high,7.25,1000.0,11.0,92.0,111.5,785.0,6.0,49.5,52.5,0.0,0.0,16.5,159.0,0.159,0.1115,0.785,0.0525
deadline_constrained__retained_deferred__degradation__high,retained_deferred,degradation,high,7.5,1000.0,11.0,92.0,64.0,832.5,0.0,11.0,50.0,0.0,0.0,21.5,154.0,0.154,0.064,0.8325,0.05
deadline_constrained__retained_deferred__degradation__high,retained_deferred,degradation,high,7.75,1000.0,11.0,92.0,17.5,879.0,0.0,0.0,17.5,0.0,0.0,26.5,149.0,0.149,0.0175,0.879,0.0175
deadline_constrained__retained_deferred__degradation__high,retained_deferred,degradation,high,8.0,1000.0,11.0,526.0,0.0,460.5,0.0,0.0,0.0,0.0,0.0,291.0,171.0,0.171,0.0,0.4605,0.0
deadline_constrained__retained_deferred__degradation__high,retained_deferred,degradation,high,8.25,1000.0,11.0,679.0,0.0,299.5,0.0,0.0,0.0,0.0,0.0,298.5,0.0,0.0,0.0,0.2995,0.0
deadline_constrained__retained_deferred__degradation__high,retained_deferred,degradation,high,8.5,1000.0,11.0,679.0,0.0,310.0,0.0,0.0,0.0,0.0,0.0,310.0,0.0,0.0,0.0,0.31,0.0
deadline_constrained__retained_deferred__degradation__high,retained_deferred,degradation,high,8.75,1000.0,11.0,679.0,0.0,310.0,0.0,0.0,0.0,0.0,0.0,310.0,0.0,0.0,0.0,0.31,0.0
deadline_constrained__retained_deferred__degradation__high,retained_deferred,degradation,high,9.0,1000.0,11.0,679.0,0.0,310.0,0.0,0.0,0.0,0.0,0.0,310.0,0.0,0.0,0.0,0.31,0.0
deadline_constrained__retained_deferred__degradation__high,retained_deferred,degradation,high,9.25,1000.0,11.0,679.0,0.0,310.0,0.0,0.0,0.0,0.0,0.0,310.0,0.0,0.0,0.0,0.31,0.0
deadline_constrained__retained_deferred__degradation__high,retained_deferred,degradation,high,9.5,1000.0,11.0,679.0,0.0,310.0,0.0,0.0,0.0,0.0,0.0,310.0,0.0,0.0,0.0,0.31,0.0
deadline_constrained__retained_deferred__degradation__high,retained_deferred,degradation,high,9.75,1000.0,11.0,704.0,0.0,287.5,0.0,0.0,0.0,0.0,0.0,287.5,0.0,0.0,0.0,0.2875,0.0
deadline_constrained__retained_deferred__degradation__high,retained_deferred,degradation,high,10.0,1000.0,11.0,989.0,0.0,0.0,0.0,0.0,0.0,0.0,0.0,0.0,0.0,0.0,0.0,0.0,0.0
deadline_constrained__retained_deferred__degradation__high,retained_deferred,degradation,high,10.25,1000.0,11.0,989.0,0.0,0.0,0.0,0.0,0.0,0.0,0.0,0.0,0.0,0.0,0.0,0.0,0.0
deadline_constrained__retained_deferred__degradation__high,retained_deferred,degradation,high,10.5,1000.0,11.0,989.0,0.0,0.0,0.0,0.0,0.0,0.0,0.0,0.0,0.0,0.0,0.0,0.0,0.0
deadline_constrained__retained_deferred__degradation__high,retained_deferred,degradation,high,10.75,1000.0,11.0,989.0,0.0,0.0,0.0,0.0,0.0,0.0,0.0,0.0,0.0,0.0,0.0,0.0,0.0
deadline_constrained__retained_deferred__degradation__high,retained_deferred,degradation,high,11.0,1000.0,11.0,989.0,0.0,0.0,0.0,0.0,0.0,0.0,0.0,0.0,0.0,0.0,0.0,0.0,0.0
deadline_constrained__retained_deferred__degradation__high,retained_deferred,degradation,high,11.25,1000.0,11.0,989.0,0.0,0.0,0.0,0.0,0.0,0.0,0.0,0.0,0.0,0.0,0.0,0.0,0.0
deadline_constrained__retained_deferred__degradation__high,retained_deferred,degradation,high,11.5,1000.0,11.0,989.0,0.0,0.0,0.0,0.0,0.0,0.0,0.0,0.0,0.0,0.0,0.0,0.0,0.0
deadline_constrained__retained_deferred__degradation__high,retained_deferred,degradation,high,11.75,1000.0,11.0,989.0,0.0,0.0,0.0,0.0,0.0,0.0,0.0,0.0,0.0,0.0,0.0,0.0,0.0
deadline_constrained__retained_deferred__degradation__high,retained_deferred,degradation,high,12.0,1000.0,11.0,989.0,0.0,0.0,0.0,0.0,0.0,0.0,0.0,0.0,0.0,0.0,0.0,0.0,0.0
deadline_constrained__retained_deferred__degradation__high,retained_deferred,degradation,high,12.25,1000.0,11.0,989.0,0.0,0.0,0.0,0.0,0.0,0.0,0.0,0.0,0.0,0.0,0.0,0.0,0.0
deadline_constrained__retained_deferred__degradation__moderate,retained_deferred,degradation,moderate,0.0,0.0,0.0,0.0,0.0,0.0,0.0,0.0,0.0,0.0,0.0,0.0,0.0,0.0,0.0,0.0,0.0
deadline_constrained__retained_deferred__degradation__moderate,retained_deferred,degradation,moderate,0.25,0.0,0.0,0.0,0.0,0.0,0.0,0.0,0.0,0.0,0.0,0.0,0.0,0.0,0.0,0.0,0.0
deadline_constrained__retained_deferred__degradation__moderate,retained_deferred,degradation,moderate,0.5,0.0,0.0,0.0,0.0,0.0,0.0,0.0,0.0,0.0,0.0,0.0,0.0,0.0,0.0,0.0,0.0
deadline_constrained__retained_deferred__degradation__moderate,retained_deferred,degradation,moderate,0.75,0.5,0.0,0.0,0.5,0.0,0.5,0.0,0.0,0.5,0.375,0.0,0.0,0.0,0.5,0.0,0.0
deadline_constrained__retained_deferred__degradation__moderate,retained_deferred,degradation,moderate,1.0,8.0,0.0,0.0,8.0,0.0,8.0,0.0,0.0,6.5,0.774514,5.5,1.5,0.097826,1.0,0.0,0.0
deadline_constrained__retained_deferred__degradation__moderate,retained_deferred,degradation,moderate,1.25,51.0,0.0,0.0,51.0,0.0,51.0,0.0,0.0,43.5,0.906128,35.0,6.5,0.093871,1.0,0.0,0.0
deadline_constrained__retained_deferred__degradation__moderate,retained_deferred,degradation,moderate,1.5,95.5,0.0,0.0,89.0,0.0,89.0,0.0,0.0,64.5,0.724873,61.5,18.0,0.165115,1.0,0.0,0.0
deadline_constrained__retained_deferred__degradation__moderate,retained_deferred,degradation,moderate,1.75,133.0,69.0,0.0,70.5,0.0,70.5,0.0,0.0,53.5,0.385584,21.5,17.0,0.112426,0.477382,0.0,0.0
deadline_constrained__retained_deferred__degradation__moderate,retained_deferred,degradation,moderate,2.0,177.5,69.0,0.0,115.5,0.0,104.0,12.5,0.0,92.5,0.503926,51.5,25.0,0.135277,0.608447,0.0,0.0
deadline_constrained__retained_deferred__degradation__moderate,retained_deferred,degradation,moderate,2.25,221.5,69.0,0.0,160.5,0.0,103.5,50.0,5.0,119.0,0.504412,81.0,50.0,0.19871,0.686216,0.0,0.022406
deadline_constrained__retained_deferred__degradation__moderate,retained_deferred,degradation,moderate,2.5,267.0,69.0,0.0,197.5,0.0,102.5,52.5,46.0,151.0,0.586256,111.0,36.0,0.141981,0.733691,0.0,0.158684
deadline_constrained__retained_deferred__degradation__moderate,retained_deferred,degradation,moderate,2.75,306.5,69.0,0.0,204.0,39.0,102.0,51.5,52.0,178.0,0.603344,141.0,16.0,0.051925,0.659394,0.122629,0.165031
deadline_constrained__retained_deferred__degradation__moderate,retained_deferred,degradation,moderate,3.0,353.5,69.0,0.0,200.0,77.5,101.0,48.5,51.0,130.0,0.366889,168.5,67.0,0.190109,0.574317,0.221168,0.144222
deadline_constrained__retained_deferred__degradation__moderate,retained_deferred,degradation,moderate,3.25,397.5,147.0,108.5,135.5,0.0,102.5,35.5,0.0,87.0,0.226874,11.5,50.5,0.125927,0.349245,0.0,0.0
deadline_constrained__retained_deferred__degradation__moderate,retained_deferred,degradation,moderate,3.5,432.0,147.0,108.5,178.0,0.0,103.5,50.0,27.5,143.0,0.329941,39.5,32.0,0.073307,0.420078,0.0,0.063613
deadline_constrained__retained_deferred__degradation__moderate,retained_deferred,degradation,moderate,3.75,474.0,147.0,108.5,206.5,21.0,105.0,51.0,50.5,98.0,0.202265,67.5,97.0,0.203209,0.41972,0.044575,0.10565
deadline_constrained__retained_deferred__degradation__moderate,retained_deferred,degradation,moderate,4.0,519.5,147.0,108.5,208.0,64.5,105.0,52.0,51.0,103.5,0.189963,98.0,108.5,0.199285,0.388987,0.125742,0.096299
deadline_constrained__retained_deferred__degradation__moderate,retained_deferred,degradation,moderate,4.25,563.5,147.0,108.5,210.0,109.5,105.5,52.0,51.5,123.0,0.209125,128.5,89.0,0.152641,0.359249,0.194794,0.091431
deadline_constrained__retained_deferred__degradation__moderate,retained_deferred,degradation,moderate,4.5,609.0,147.0,108.5,210.5,157.0,104.5,53.0,53.0,149.0,0.242789,157.0,58.0,0.092005,0.330788,0.254922,0.083475
deadline_constrained__retained_deferred__degradation__moderate,retained_deferred,degradation,moderate,4.75,650.0,147.0,276.5,210.5,33.5,103.5,53.0,53.0,142.5,0.217671,7.0,62.0,0.098287,0.311134,0.050399,0.078892
deadline_constrained__retained_deferred__degradation__moderate,retained_deferred,degradation,moderate,5.0,694.5,147.0,296.0,208.5,56.0,103.5,52.0,53.0,108.0,0.166115,32.0,87.5,0.130311,0.289416,0.082582,0.07413
deadline_constrained__retained_deferred__degradation__moderate,retained_deferred,degradation,moderate,5.25,740.0,147.0,296.0,205.5,96.0,103.5,51.5,52.0,63.5,0.087598,61.0,129.0,0.173905,0.270779,0.140047,0.068242
deadline_constrained__retained_deferred__degradation__moderate,retained_deferred,degradation,moderate,5.5,785.5,147.0,296.0,207.0,136.0,105.0,52.0,51.5,66.0,0.082542,91.5,138.5,0.172648,0.260564,0.180721,0.064106
deadline_constrained__retained_deferred__degradation__moderate,retained_deferred,degradation,moderate,5.75,832.0,147.0,296.0,209.0,182.5,106.0,52.0,52.0,93.5,0.114869,122.0,108.0,0.127524,0.249257,0.224135,0.061815
deadline_constrained__retained_deferred__degradation__moderate,retained_deferred,degradation,moderate,6.0,877.0,147.0,296.0,210.0,226.0,106.0,53.0,52.0,126.0,0.14161,152.0,78.0,0.087427,0.238764,0.262858,0.058664
deadline_constrained__retained_deferred__degradation__moderate,retained_deferred,degradation,moderate,6.25,923.0,147.0,299.0,210.5,256.5,106.0,53.0,53.0,133.0,0.143686,160.0,73.0,0.077617,0.225697,0.279183,0.056236
deadline_constrained__retained_deferred__degradation__moderate,retained_deferred,degradation,moderate,6.5,966.0,147.0,481.0,211.5,128.0,104.0,53.0,53.0,148.5,0.155998,16.5,64.0,0.067138,0.219938,0.133098,0.054984
deadline_constrained__retained_deferred__degradation__moderate,retained_deferred,degradation,moderate,6.75,1000.0,147.0,481.0,195.5,171.0,91.5,52.0,53.0,138.5,0.146672,37.0,57.0,0.06039,0.2,0.172113,0.053
deadline_constrained__retained_deferred__degradation__moderate,retained_deferred,degradation,moderate,7.0,1000.0,147.0,481.0,153.0,216.5,51.5,53.5,52.5,0.0,0.0,67.0,147.5,0.1475,0.1565,0.217389,0.053
deadline_constrained__retained_deferred__degradation__moderate,retained_deferred,degradation,moderate,7.25,1000.0,147.0,481.0,115.5,260.0,10.5,49.5,53.0,0.0,0.0,96.0,168.0,0.1685,0.1155,0.26,0.053
deadline_constrained__retained_deferred__degradation__moderate,retained_deferred,degradation,moderate,7.5,1000.0,147.0,481.0,73.5,300.0,0.0,21.5,51.0,0.0,0.0,122.0,137.5,0.138122,0.0735,0.3,0.051
deadline_constrained__retained_deferred__degradation__moderate,retained_deferred,degradation,moderate,7.75,1000.0,147.0,481.0,27.5,346.0,0.0,0.0,27.5,0.0,0.0,153.0,109.5,0.1095,0.0275,0.346,0.0275
deadline_constrained__retained_deferred__degradation__moderate,retained_deferred,degradation,moderate,8.0,1000.0,147.0,485.0,0.0,363.5,0.0,0.0,0.0,0.0,0.0,328.0,0.0,0.0,0.0,0.3635,0.0
deadline_constrained__retained_deferred__degradation__moderate,retained_deferred,degradation,moderate,8.25,1000.0,148.0,852.0,0.0,0.0,0.0,0.0,0.0,0.0,0.0,0.0,0.0,0.0,0.0,0.0,0.0
deadline_constrained__retained_deferred__degradation__moderate,retained_deferred,degradation,moderate,8.5,1000.0,148.0,852.0,0.0,0.0,0.0,0.0,0.0,0.0,0.0,0.0,0.0,0.0,0.0,0.0,0.0
deadline_constrained__retained_deferred__degradation__moderate,retained_deferred,degradation,moderate,8.75,1000.0,148.0,852.0,0.0,0.0,0.0,0.0,0.0,0.0,0.0,0.0,0.0,0.0,0.0,0.0,0.0
deadline_constrained__retained_deferred__degradation__moderate,retained_deferred,degradation,moderate,9.0,1000.0,148.0,852.0,0.0,0.0,0.0,0.0,0.0,0.0,0.0,0.0,0.0,0.0,0.0,0.0,0.0
deadline_constrained__retained_deferred__degradation__moderate,retained_deferred,degradation,moderate,9.25,1000.0,148.0,852.0,0.0,0.0,0.0,0.0,0.0,0.0,0.0,0.0,0.0,0.0,0.0,0.0,0.0
deadline_constrained__retained_deferred__degradation__moderate,retained_deferred,degradation,moderate,9.5,1000.0,148.0,852.0,0.0,0.0,0.0,0.0,0.0,0.0,0.0,0.0,0.0,0.0,0.0,0.0,0.0
deadline_constrained__retained_deferred__degradation__moderate,retained_deferred,degradation,moderate,9.75,1000.0,148.0,852.0,0.0,0.0,0.0,0.0,0.0,0.0,0.0,0.0,0.0,0.0,0.0,0.0,0.0
deadline_constrained__retained_deferred__degradation__moderate,retained_deferred,degradation,moderate,10.0,1000.0,148.0,852.0,0.0,0.0,0.0,0.0,0.0,0.0,0.0,0.0,0.0,0.0,0.0,0.0,0.0
deadline_constrained__retained_deferred__degradation__moderate,retained_deferred,degradation,moderate,10.25,1000.0,148.0,852.0,0.0,0.0,0.0,0.0,0.0,0.0,0.0,0.0,0.0,0.0,0.0,0.0,0.0
deadline_constrained__retained_deferred__degradation__moderate,retained_deferred,degradation,moderate,10.5,1000.0,148.0,852.0,0.0,0.0,0.0,0.0,0.0,0.0,0.0,0.0,0.0,0.0,0.0,0.0,0.0
deadline_constrained__retained_deferred__degradation__moderate,retained_deferred,degradation,moderate,10.75,1000.0,148.0,852.0,0.0,0.0,0.0,0.0,0.0,0.0,0.0,0.0,0.0,0.0,0.0,0.0,0.0
deadline_constrained__retained_immediate__backlog_shock__standard,retained_immediate,backlog_shock,standard,0.0,0.0,0.0,0.0,0.0,0.0,0.0,0.0,0.0,0.0,0.0,0.0,0.0,0.0,0.0,0.0,0.0
deadline_constrained__retained_immediate__backlog_shock__standard,retained_immediate,backlog_shock,standard,0.25,0.0,0.0,0.0,0.0,0.0,0.0,0.0,0.0,0.0,0.0,0.0,0.0,0.0,0.0,0.0,0.0
deadline_constrained__retained_immediate__backlog_shock__standard,retained_immediate,backlog_shock,standard,0.5,0.0,0.0,0.0,0.0,0.0,0.0,0.0,0.0,0.0,0.0,0.0,0.0,0.0,0.0,0.0,0.0
deadline_constrained__retained_immediate__backlog_shock__standard,retained_immediate,backlog_shock,standard,0.75,0.0,0.0,0.0,0.0,0.0,0.0,0.0,0.0,0.0,0.0,0.0,0.0,0.0,0.0,0.0,0.0
deadline_constrained__retained_immediate__backlog_shock__standard,retained_immediate,backlog_shock,standard,1.0,22.5,22.5,0.0,0.0,0.0,0.0,0.0,0.0,0.0,0.0,0.0,0.0,0.0,0.0,0.0,0.0
deadline_constrained__retained_immediate__backlog_shock__standard,retained_immediate,backlog_shock,standard,1.25,62.5,62.5,0.0,0.0,0.0,0.0,0.0,0.0,0.0,0.0,0.0,0.0,0.0,0.0,0.0,0.0
deadline_constrained__retained_immediate__backlog_shock__standard,retained_immediate,backlog_shock,standard,1.5,102.0,102.0,0.0,0.0,0.0,0.0,0.0,0.0,0.0,0.0,0.0,0.0,0.0,0.0,0.0,0.0
deadline_constrained__retained_immediate__backlog_shock__standard,retained_immediate,backlog_shock,standard,1.75,139.0,139.0,0.0,0.0,0.0,0.0,0.0,0.0,0.0,0.0,0.0,0.0,0.0,0.0,0.0,0.0
deadline_constrained__retained_immediate__backlog_shock__standard,retained_immediate,backlog_shock,standard,2.0,179.0,179.0,0.0,0.0,0.0,0.0,0.0,0.0,0.0,0.0,0.0,0.0,0.0,0.0,0.0,0.0
deadline_constrained__retained_immediate__backlog_shock__standard,retained_immediate,backlog_shock,standard,2.25,661.5,200.0,1.0,185.5,274.0,99.5,33.5,49.5,0.5,0.000748,0.0,199.0,0.284896,0.277664,0.402611,0.074619
deadline_constrained__retained_immediate__backlog_shock__standard,retained_immediate,backlog_shock,standard,2.5,678.5,200.0,1.0,208.5,281.0,104.5,52.0,52.5,9.5,0.013789,0.0,199.0,0.289254,0.300932,0.406174,0.075693
deadline_constrained__retained_immediate__backlog_shock__standard,retained_immediate,backlog_shock,standard,2.75,678.5,200.0,1.0,208.5,281.0,104.5,52.0,52.5,9.5,0.013789,0.0,199.0,0.289254,0.300932,0.406174,0.075693
deadline_constrained__retained_immediate__backlog_shock__standard,retained_immediate,backlog_shock,standard,3.0,678.5,200.0,1.0,208.5,281.0,104.5,52.0,52.5,9.5,0.013789,0.0,199.0,0.289254,0.300932,0.406174,0.075693
deadline_constrained__retained_immediate__backlog_shock__standard,retained_immediate,backlog_shock,standard,3.25,678.5,200.0,1.0,208.5,281.0,104.5,52.0,52.5,9.5,0.013789,0.0,199.0,0.289254,0.300932,0.406174,0.075693
deadline_constrained__retained_immediate__backlog_shock__standard,retained_immediate,backlog_shock,standard,3.5,678.5,200.0,1.0,208.5,281.0,104.5,52.0,52.5,9.5,0.013789,0.0,199.0,0.289254,0.300932,0.406174,0.075693
deadline_constrained__retained_immediate__backlog_shock__standard,retained_immediate,backlog_shock,standard,3.75,678.5,200.0,1.0,208.5,281.0,104.5,52.0,52.5,9.5,0.013789,0.0,199.0,0.289254,0.300932,0.406174,0.075693
deadline_constrained__retained_immediate__backlog_shock__standard,retained_immediate,backlog_shock,standard,4.0,678.5,200.0,1.0,208.5,281.0,104.5,52.0,52.5,9.5,0.013789,0.0,199.0,0.289254,0.300932,0.406174,0.075693
deadline_constrained__retained_immediate__backlog_shock__standard,retained_immediate,backlog_shock,standard,4.25,678.5,200.0,1.0,208.5,281.0,104.5,52.0,52.5,9.5,0.013789,0.0,199.0,0.289254,0.300932,0.406174,0.075693
deadline_constrained__retained_immediate__backlog_shock__standard,retained_immediate,backlog_shock,standard,4.5,678.5,200.0,1.0,208.5,281.0,104.5,52.0,52.5,9.5,0.013789,0.0,199.0,0.289254,0.300932,0.406174,0.075693
deadline_constrained__retained_immediate__backlog_shock__standard,retained_immediate,backlog_shock,standard,4.75,678.5,200.0,1.0,208.5,281.0,104.5,52.0,52.5,9.5,0.013789,0.0,199.0,0.289254,0.300932,0.406174,0.075693
deadline_constrained__retained_immediate__backlog_shock__standard,retained_immediate,backlog_shock,standard,5.0,695.0,200.0,1.0,208.5,266.0,104.5,52.0,51.5,9.5,0.013789,0.0,199.0,0.284896,0.300932,0.396435,0.075172
deadline_constrained__retained_immediate__backlog_shock__standard,retained_immediate,backlog_shock,standard,5.25,711.5,424.0,292.5,0.0,0.0,0.0,0.0,0.0,0.0,0.0,0.0,0.0,0.0,0.0,0.0,0.0
deadline_constrained__retained_immediate__backlog_shock__standard,retained_immediate,backlog_shock,standard,5.5,752.0,463.5,293.5,0.5,0.0,0.5,0.0,0.0,0.5,0.000635,0.0,0.0,0.0,0.000635,0.0,0.0
deadline_constrained__retained_immediate__backlog_shock__standard,retained_immediate,backlog_shock,standard,5.75,796.0,507.5,293.5,0.0,0.0,0.0,0.0,0.0,0.0,0.0,0.0,0.0,0.0,0.0,0.0,0.0
deadline_constrained__retained_immediate__backlog_shock__standard,retained_immediate,backlog_shock,standard,6.0,834.5,539.0,293.5,0.5,0.0,0.5,0.0,0.0,0.5,0.000567,0.0,0.0,0.0,0.000567,0.0,0.0
deadline_constrained__retained_immediate__backlog_shock__standard,retained_immediate,backlog_shock,standard,6.25,878.0,583.0,293.5,1.0,0.0,1.0,0.0,0.0,1.0,0.001131,0.0,0.0,0.0,0.001131,0.0,0.0
deadline_constrained__retained_immediate__backlog_shock__standard,retained_immediate,backlog_shock,standard,6.5,924.0,628.5,293.5,1.0,0.0,1.0,0.0,0.0,1.0,0.001056,0.0,0.0,0.0,0.001056,0.0,0.0
deadline_constrained__retained_immediate__backlog_shock__standard,retained_immediate,backlog_shock,standard,6.75,969.0,673.5,293.5,1.0,0.0,1.0,0.0,0.0,1.0,0.001025,0.0,0.0,0.0,0.001025,0.0,0.0
deadline_constrained__retained_immediate__backlog_shock__standard,retained_immediate,backlog_shock,standard,7.0,1000.0,703.0,293.5,0.0,0.0,0.0,0.0,0.0,0.0,0.0,0.0,0.0,0.0,0.0,0.0,0.0
deadline_constrained__retained_immediate__backlog_shock__standard,retained_immediate,backlog_shock,standard,7.25,1000.0,703.0,293.5,0.0,0.0,0.0,0.0,0.0,0.0,0.0,0.0,0.0,0.0,0.0,0.0,0.0
deadline_constrained__retained_immediate__backlog_shock__standard,retained_immediate,backlog_shock,standard,7.5,1000.0,705.5,293.5,0.0,0.0,0.0,0.0,0.0,0.0,0.0,0.0,0.0,0.0,0.0,0.0,0.0
deadline_constrained__retained_immediate__backlog_shock__standard,retained_immediate,backlog_shock,standard,7.75,1000.0,705.5,293.5,0.0,0.0,0.0,0.0,0.0,0.0,0.0,0.0,0.0,0.0,0.0,0.0,0.0
deadline_constrained__retained_immediate__backlog_shock__standard,retained_immediate,backlog_shock,standard,8.0,1000.0,705.5,293.5,0.0,0.0,0.0,0.0,0.0,0.0,0.0,0.0,0.0,0.0,0.0,0.0,0.0
deadline_constrained__retained_immediate__backlog_shock__standard,retained_immediate,backlog_shock,standard,8.25,1000.0,705.5,293.5,0.0,0.0,0.0,0.0,0.0,0.0,0.0,0.0,0.0,0.0,0.0,0.0,0.0
deadline_constrained__retained_immediate__backlog_shock__standard,retained_immediate,backlog_shock,standard,8.5,1000.0,705.5,293.5,0.0,0.0,0.0,0.0,0.0,0.0,0.0,0.0,0.0,0.0,0.0,0.0,0.0
deadline_constrained__retained_immediate__backlog_shock__standard,retained_immediate,backlog_shock,standard,8.75,1000.0,705.5,293.5,0.0,0.0,0.0,0.0,0.0,0.0,0.0,0.0,0.0,0.0,0.0,0.0,0.0
deadline_constrained__retained_immediate__backlog_shock__standard,retained_immediate,backlog_shock,standard,9.0,1000.0,705.5,293.5,0.0,0.0,0.0,0.0,0.0,0.0,0.0,0.0,0.0,0.0,0.0,0.0,0.0
deadline_constrained__retained_immediate__backlog_shock__standard,retained_immediate,backlog_shock,standard,9.25,1000.0,705.5,293.5,0.0,0.0,0.0,0.0,0.0,0.0,0.0,0.0,0.0,0.0,0.0,0.0,0.0
deadline_constrained__retained_immediate__backlog_shock__standard,retained_immediate,backlog_shock,standard,9.5,1000.0,705.5,293.5,0.0,0.0,0.0,0.0,0.0,0.0,0.0,0.0,0.0,0.0,0.0,0.0,0.0
deadline_constrained__retained_immediate__backlog_shock__standard,retained_immediate,backlog_shock,standard,9.75,1000.0,705.5,293.5,0.0,0.0,0.0,0.0,0.0,0.0,0.0,0.0,0.0,0.0,0.0,0.0,0.0
deadline_constrained__retained_immediate__backlog_shock__standard,retained_immediate,backlog_shock,standard,10.0,1000.0,705.5,293.5,0.0,0.0,0.0,0.0,0.0,0.0,0.0,0.0,0.0,0.0,0.0,0.0,0.0
deadline_constrained__retained_immediate__backlog_shock__standard,retained_immediate,backlog_shock,standard,10.25,1000.0,705.5,293.5,0.0,0.0,0.0,0.0,0.0,0.0,0.0,0.0,0.0,0.0,0.0,0.0,0.0
deadline_constrained__retained_immediate__backlog_shock__standard,retained_immediate,backlog_shock,standard,10.5,1000.0,705.5,293.5,0.0,0.0,0.0,0.0,0.0,0.0,0.0,0.0,0.0,0.0,0.0,0.0,0.0
deadline_constrained__retained_immediate__backlog_shock__standard,retained_immediate,backlog_shock,standard,10.75,1000.0,705.5,293.5,0.0,0.0,0.0,0.0,0.0,0.0,0.0,0.0,0.0,0.0,0.0,0.0,0.0
deadline_constrained__retained_immediate__backlog_shock__standard,retained_immediate,backlog_shock,standard,11.0,1000.0,705.5,293.5,0.0,0.0,0.0,0.0,0.0,0.0,0.0,0.0,0.0,0.0,0.0,0.0,0.0
deadline_constrained__retained_immediate__backlog_shock__standard,retained_immediate,backlog_shock,standard,11.25,1000.0,705.5,293.5,0.0,0.0,0.0,0.0,0.0,0.0,0.0,0.0,0.0,0.0,0.0,0.0,0.0
deadline_constrained__retained_immediate__backlog_shock__standard,retained_immediate,backlog_shock,standard,11.5,1000.0,705.5,293.5,0.0,0.0,0.0,0.0,0.0,0.0,0.0,0.0,0.0,0.0,0.0,0.0,0.0
deadline_constrained__retained_immediate__backlog_shock__standard,retained_immediate,backlog_shock,standard,11.75,1000.0,705.5,293.5,0.0,0.0,0.0,0.0,0.0,0.0,0.0,0.0,0.0,0.0,0.0,0.0,0.0
deadline_constrained__retained_immediate__backlog_shock__standard,retained_immediate,backlog_shock,standard,12.0,1000.0,705.5,293.5,0.0,0.0,0.0,0.0,0.0,0.0,0.0,0.0,0.0,0.0,0.0,0.0,0.0
deadline_constrained__retained_immediate__backlog_shock__standard,retained_immediate,backlog_shock,standard,12.25,1000.0,705.5,293.5,0.0,0.0,0.0,0.0,0.0,0.0,0.0,0.0,0.0,0.0,0.0,0.0,0.0
deadline_constrained__retained_immediate__backlog_shock__standard,retained_immediate,backlog_shock,standard,12.5,1000.0,705.5,293.5,0.0,0.0,0.0,0.0,0.0,0.0,0.0,0.0,0.0,0.0,0.0,0.0,0.0
deadline_constrained__retained_immediate__backlog_shock__standard,retained_immediate,backlog_shock,standard,12.75,1000.0,705.5,293.5,0.0,0.0,0.0,0.0,0.0,0.0,0.0,0.0,0.0,0.0,0.0,0.0,0.0
deadline_constrained__retained_immediate__backlog_shock__standard,retained_immediate,backlog_shock,standard,13.0,1000.0,705.5,293.5,0.0,0.0,0.0,0.0,0.0,0.0,0.0,0.0,0.0,0.0,0.0,0.0,0.0
deadline_constrained__retained_immediate__backlog_shock__standard,retained_immediate,backlog_shock,standard,13.25,1000.0,705.5,293.5,0.0,0.0,0.0,0.0,0.0,0.0,0.0,0.0,0.0,0.0,0.0,0.0,0.0
deadline_constrained__retained_immediate__backlog_shock__standard,retained_immediate,backlog_shock,standard,13.5,1000.0,705.5,293.5,0.0,0.0,0.0,0.0,0.0,0.0,0.0,0.0,0.0,0.0,0.0,0.0,0.0
deadline_constrained__retained_immediate__backlog_shock__standard,retained_immediate,backlog_shock,standard,13.75,1000.0,705.5,293.5,0.0,0.0,0.0,0.0,0.0,0.0,0.0,0.0,0.0,0.0,0.0,0.0,0.0
deadline_constrained__retained_immediate__backlog_shock__standard,retained_immediate,backlog_shock,standard,14.0,1000.0,705.5,293.5,0.0,0.0,0.0,0.0,0.0,0.0,0.0,0.0,0.0,0.0,0.0,0.0,0.0
deadline_constrained__retained_immediate__backlog_shock__standard,retained_immediate,backlog_shock,standard,14.25,1000.0,705.5,293.5,0.0,0.0,0.0,0.0,0.0,0.0,0.0,0.0,0.0,0.0,0.0,0.0,0.0
deadline_constrained__retained_immediate__backlog_shock__standard,retained_immediate,backlog_shock,standard,14.5,1000.0,705.5,293.5,0.0,0.0,0.0,0.0,0.0,0.0,0.0,0.0,0.0,0.0,0.0,0.0,0.0
deadline_constrained__retained_immediate__backlog_shock__standard,retained_immediate,backlog_shock,standard,14.75,1000.0,705.5,293.5,0.0,0.0,0.0,0.0,0.0,0.0,0.0,0.0,0.0,0.0,0.0,0.0,0.0
deadline_constrained__retained_immediate__backlog_shock__standard,retained_immediate,backlog_shock,standard,15.0,1000.0,705.5,293.5,0.0,0.0,0.0,0.0,0.0,0.0,0.0,0.0,0.0,0.0,0.0,0.0,0.0
deadline_constrained__retained_immediate__backlog_shock__standard,retained_immediate,backlog_shock,standard,15.25,1000.0,705.5,293.5,0.0,0.0,0.0,0.0,0.0,0.0,0.0,0.0,0.0,0.0,0.0,0.0,0.0
deadline_constrained__retained_immediate__backlog_shock__standard,retained_immediate,backlog_shock,standard,15.5,1000.0,705.5,293.5,0.0,0.0,0.0,0.0,0.0,0.0,0.0,0.0,0.0,0.0,0.0,0.0,0.0
deadline_constrained__retained_immediate__backlog_shock__standard,retained_immediate,backlog_shock,standard,15.75,1000.0,705.5,293.5,0.0,0.0,0.0,0.0,0.0,0.0,0.0,0.0,0.0,0.0,0.0,0.0,0.0
deadline_constrained__retained_immediate__backlog_shock__standard,retained_immediate,backlog_shock,standard,16.0,1000.0,705.5,293.5,0.0,0.0,0.0,0.0,0.0,0.0,0.0,0.0,0.0,0.0,0.0,0.0,0.0
deadline_constrained__retained_immediate__backlog_shock__standard,retained_immediate,backlog_shock,standard,16.25,1000.0,705.5,293.5,0.0,0.0,0.0,0.0,0.0,0.0,0.0,0.0,0.0,0.0,0.0,0.0,0.0
deadline_constrained__retained_immediate__backlog_shock__standard,retained_immediate,backlog_shock,standard,16.5,1000.0,705.5,293.5,0.0,0.0,0.0,0.0,0.0,0.0,0.0,0.0,0.0,0.0,0.0,0.0,0.0
deadline_constrained__retained_immediate__backlog_shock__standard,retained_immediate,backlog_shock,standard,16.75,1000.0,705.5,293.5,0.0,0.0,0.0,0.0,0.0,0.0,0.0,0.0,0.0,0.0,0.0,0.0,0.0
deadline_constrained__retained_immediate__backlog_shock__standard,retained_immediate,backlog_shock,standard,17.0,1000.0,705.5,293.5,0.0,0.0,0.0,0.0,0.0,0.0,0.0,0.0,0.0,0.0,0.0,0.0,0.0
deadline_constrained__retained_immediate__backlog_shock__standard,retained_immediate,backlog_shock,standard,17.25,1000.0,705.5,293.5,0.0,0.0,0.0,0.0,0.0,0.0,0.0,0.0,0.0,0.0,0.0,0.0,0.0
deadline_constrained__retained_immediate__backlog_shock__standard,retained_immediate,backlog_shock,standard,17.5,1000.0,705.5,293.5,0.0,0.0,0.0,0.0,0.0,0.0,0.0,0.0,0.0,0.0,0.0,0.0,0.0
deadline_constrained__retained_immediate__backlog_shock__standard,retained_immediate,backlog_shock,standard,17.75,1000.0,705.5,293.5,0.0,0.0,0.0,0.0,0.0,0.0,0.0,0.0,0.0,0.0,0.0,0.0,0.0
deadline_constrained__retained_immediate__backlog_shock__standard,retained_immediate,backlog_shock,standard,18.0,1000.0,706.5,293.5,0.0,0.0,0.0,0.0,0.0,0.0,0.0,0.0,0.0,0.0,0.0,0.0,0.0
deadline_constrained__retained_immediate__backlog_shock__standard,retained_immediate,backlog_shock,standard,18.25,1000.0,706.5,293.5,0.0,0.0,0.0,0.0,0.0,0.0,0.0,0.0,0.0,0.0,0.0,0.0,0.0
deadline_constrained__retained_immediate__backlog_shock__standard,retained_immediate,backlog_shock,standard,18.5,1000.0,706.5,293.5,0.0,0.0,0.0,0.0,0.0,0.0,0.0,0.0,0.0,0.0,0.0,0.0,0.0
deadline_constrained__retained_immediate__backlog_shock__standard,retained_immediate,backlog_shock,standard,18.75,1000.0,706.5,293.5,0.0,0.0,0.0,0.0,0.0,0.0,0.0,0.0,0.0,0.0,0.0,0.0,0.0
deadline_constrained__retained_immediate__backlog_shock__standard,retained_immediate,backlog_shock,standard,19.0,1000.0,706.5,293.5,0.0,0.0,0.0,0.0,0.0,0.0,0.0,0.0,0.0,0.0,0.0,0.0,0.0
deadline_constrained__retained_immediate__backlog_shock__standard,retained_immediate,backlog_shock,standard,19.25,1000.0,706.5,293.5,0.0,0.0,0.0,0.0,0.0,0.0,0.0,0.0,0.0,0.0,0.0,0.0,0.0
deadline_constrained__retained_immediate__backlog_shock__standard,retained_immediate,backlog_shock,standard,19.5,1000.0,706.5,293.5,0.0,0.0,0.0,0.0,0.0,0.0,0.0,0.0,0.0,0.0,0.0,0.0,0.0
deadline_constrained__retained_immediate__backlog_shock__standard,retained_immediate,backlog_shock,standard,19.75,1000.0,706.5,293.5,0.0,0.0,0.0,0.0,0.0,0.0,0.0,0.0,0.0,0.0,0.0,0.0,0.0
deadline_constrained__retained_immediate__backlog_shock__standard,retained_immediate,backlog_shock,standard,20.0,1000.0,706.5,293.5,0.0,0.0,0.0,0.0,0.0,0.0,0.0,0.0,0.0,0.0,0.0,0.0,0.0
deadline_constrained__retained_immediate__backlog_shock__standard,retained_immediate,backlog_shock,standard,20.25,1000.0,706.5,293.5,0.0,0.0,0.0,0.0,0.0,0.0,0.0,0.0,0.0,0.0,0.0,0.0,0.0
deadline_constrained__retained_immediate__backlog_shock__standard,retained_immediate,backlog_shock,standard,20.5,1000.0,706.5,293.5,0.0,0.0,0.0,0.0,0.0,0.0,0.0,0.0,0.0,0.0,0.0,0.0,0.0
deadline_constrained__retained_immediate__backlog_shock__standard,retained_immediate,backlog_shock,standard,20.75,1000.0,706.5,293.5,0.0,0.0,0.0,0.0,0.0,0.0,0.0,0.0,0.0,0.0,0.0,0.0,0.0
deadline_constrained__retained_immediate__backlog_shock__standard,retained_immediate,backlog_shock,standard,21.0,1000.0,706.5,293.5,0.0,0.0,0.0,0.0,0.0,0.0,0.0,0.0,0.0,0.0,0.0,0.0,0.0
deadline_constrained__retained_immediate__backlog_shock__standard,retained_immediate,backlog_shock,standard,21.25,1000.0,706.5,293.5,0.0,0.0,0.0,0.0,0.0,0.0,0.0,0.0,0.0,0.0,0.0,0.0,0.0
deadline_constrained__retained_immediate__backlog_shock__standard,retained_immediate,backlog_shock,standard,21.5,1000.0,706.5,293.5,0.0,0.0,0.0,0.0,0.0,0.0,0.0,0.0,0.0,0.0,0.0,0.0,0.0
deadline_constrained__retained_immediate__backlog_shock__standard,retained_immediate,backlog_shock,standard,21.75,1000.0,706.5,293.5,0.0,0.0,0.0,0.0,0.0,0.0,0.0,0.0,0.0,0.0,0.0,0.0,0.0
deadline_constrained__retained_immediate__baseline__standard,retained_immediate,baseline,standard,0.0,0.0,0.0,0.0,0.0,0.0,0.0,0.0,0.0,0.0,0.0,0.0,0.0,0.0,0.0,0.0,0.0
deadline_constrained__retained_immediate__baseline__standard,retained_immediate,baseline,standard,0.25,0.0,0.0,0.0,0.0,0.0,0.0,0.0,0.0,0.0,0.0,0.0,0.0,0.0,0.0,0.0,0.0
deadline_constrained__retained_immediate__baseline__standard,retained_immediate,baseline,standard,0.5,0.0,0.0,0.0,0.0,0.0,0.0,0.0,0.0,0.0,0.0,0.0,0.0,0.0,0.0,0.0,0.0
deadline_constrained__retained_immediate__baseline__standard,retained_immediate,baseline,standard,0.75,0.0,0.0,0.0,0.0,0.0,0.0,0.0,0.0,0.0,0.0,0.0,0.0,0.0,0.0,0.0,0.0
deadline_constrained__retained_immediate__baseline__standard,retained_immediate,baseline,standard,1.0,33.0,33.0,0.0,0.0,0.0,0.0,0.0,0.0,0.0,0.0,0.0,0.0,0.0,0.0,0.0,0.0
deadline_constrained__retained_immediate__baseline__standard,retained_immediate,baseline,standard,1.25,73.5,73.5,0.0,0.0,0.0,0.0,0.0,0.0,0.0,0.0,0.0,0.0,0.0,0.0,0.0,0.0
deadline_constrained__retained_immediate__baseline__standard,retained_immediate,baseline,standard,1.5,118.5,118.5,0.0,0.0,0.0,0.0,0.0,0.0,0.0,0.0,0.0,0.0,0.0,0.0,0.0,0.0
deadline_constrained__retained_immediate__baseline__standard,retained_immediate,baseline,standard,1.75,163.5,163.5,0.0,0.0,0.0,0.0,0.0,0.0,0.0,0.0,0.0,0.0,0.0,0.0,0.0,0.0
deadline_constrained__retained_immediate__baseline__standard,retained_immediate,baseline,standard,2.0,202.0,202.0,0.0,0.0,0.0,0.0,0.0,0.0,0.0,0.0,0.0,0.0,0.0,0.0,0.0,0.0
deadline_constrained__retained_immediate__baseline__standard,retained_immediate,baseline,standard,2.25,247.0,247.0,0.0,0.0,0.0,0.0,0.0,0.0,0.0,0.0,0.0,0.0,0.0,0.0,0.0,0.0
deadline_constrained__retained_immediate__baseline__standard,retained_immediate,baseline,standard,2.5,292.0,292.0,0.0,0.0,0.0,0.0,0.0,0.0,0.0,0.0,0.0,0.0,0.0,0.0,0.0,0.0
deadline_constrained__retained_immediate__baseline__standard,retained_immediate,baseline,standard,2.75,337.0,337.0,0.0,0.0,0.0,0.0,0.0,0.0,0.0,0.0,0.0,0.0,0.0,0.0,0.0,0.0
deadline_constrained__retained_immediate__baseline__standard,retained_immediate,baseline,standard,3.0,368.0,368.0,0.0,0.0,0.0,0.0,0.0,0.0,0.0,0.0,0.0,0.0,0.0,0.0,0.0,0.0
deadline_constrained__retained_immediate__baseline__standard,retained_immediate,baseline,standard,3.25,413.0,413.0,0.0,0.0,0.0,0.0,0.0,0.0,0.0,0.0,0.0,0.0,0.0,0.0,0.0,0.0
deadline_constrained__retained_immediate__baseline__standard,retained_immediate,baseline,standard,3.5,458.0,458.0,0.0,0.0,0.0,0.0,0.0,0.0,0.0,0.0,0.0,0.0,0.0,0.0,0.0,0.0
deadline_constrained__retained_immediate__baseline__standard,retained_immediate,baseline,standard,3.75,503.0,503.0,0.0,0.0,0.0,0.0,0.0,0.0,0.0,0.0,0.0,0.0,0.0,0.0,0.0,0.0
deadline_constrained__retained_immediate__baseline__standard,retained_immediate,baseline,standard,4.0,548.0,548.0,0.0,0.0,0.0,0.0,0.0,0.0,0.0,0.0,0.0,0.0,0.0,0.0,0.0,0.0
deadline_constrained__retained_immediate__baseline__standard,retained_immediate,baseline,standard,4.25,593.0,593.0,0.0,0.0,0.0,0.0,0.0,0.0,0.0,0.0,0.0,0.0,0.0,0.0,0.0,0.0
deadline_constrained__retained_immediate__baseline__standard,retained_immediate,baseline,standard,4.5,623.0,623.0,0.0,0.0,0.0,0.0,0.0,0.0,0.0,0.0,0.0,0.0,0.0,0.0,0.0,0.0
deadline_constrained__retained_immediate__baseline__standard,retained_immediate,baseline,standard,4.75,668.5,668.5,0.0,0.0,0.0,0.0,0.0,0.0,0.0,0.0,0.0,0.0,0.0,0.0,0.0,0.0
deadline_constrained__retained_immediate__baseline__standard,retained_immediate,baseline,standard,5.0,712.5,712.5,0.0,0.0,0.0,0.0,0.0,0.0,0.0,0.0,0.0,0.0,0.0,0.0,0.0,0.0
deadline_constrained__retained_immediate__baseline__standard,retained_immediate,baseline,standard,5.25,757.5,757.5,0.0,0.0,0.0,0.0,0.0,0.0,0.0,0.0,0.0,0.0,0.0,0.0,0.0,0.0
deadline_constrained__retained_immediate__baseline__standard,retained_immediate,baseline,standard,5.5,797.5,797.5,0.0,0.0,0.0,0.0,0.0,0.0,0.0,0.0,0.0,0.0,0.0,0.0,0.0,0.0
deadline_constrained__retained_immediate__baseline__standard,retained_immediate,baseline,standard,5.75,838.5,838.5,0.0,0.0,0.0,0.0,0.0,0.0,0.0,0.0,0.0,0.0,0.0,0.0,0.0,0.0
deadline_constrained__retained_immediate__baseline__standard,retained_immediate,baseline,standard,6.0,883.5,883.5,0.0,0.0,0.0,0.0,0.0,0.0,0.0,0.0,0.0,0.0,0.0,0.0,0.0,0.0
deadline_constrained__retained_immediate__baseline__standard,retained_immediate,baseline,standard,6.25,920.5,920.5,0.0,1.0,0.0,1.0,0.0,0.0,1.0,0.001073,0.0,0.0,0.0,0.001073,0.0,0.0
deadline_constrained__retained_immediate__baseline__standard,retained_immediate,baseline,standard,6.5,965.0,965.0,0.0,1.0,0.0,1.0,0.0,0.0,1.0,0.001018,0.0,0.0,0.0,0.001018,0.0,0.0
deadline_constrained__retained_immediate__baseline__standard,retained_immediate,baseline,standard,6.75,1000.0,1000.0,0.0,0.0,0.0,0.0,0.0,0.0,0.0,0.0,0.0,0.0,0.0,0.0,0.0,0.0
deadline_constrained__retained_immediate__baseline__standard,retained_immediate,baseline,standard,7.0,1000.0,1000.0,0.0,0.0,0.0,0.0,0.0,0.0,0.0,0.0,0.0,0.0,0.0,0.0,0.0,0.0
deadline_constrained__retained_immediate__baseline__standard,retained_immediate,baseline,standard,7.25,1000.0,1000.0,0.0,0.0,0.0,0.0,0.0,0.0,0.0,0.0,0.0,0.0,0.0,0.0,0.0,0.0
deadline_constrained__retained_immediate__baseline__standard,retained_immediate,baseline,standard,7.5,1000.0,1000.0,0.0,0.0,0.0,0.0,0.0,0.0,0.0,0.0,0.0,0.0,0.0,0.0,0.0,0.0
deadline_constrained__retained_immediate__baseline__standard,retained_immediate,baseline,standard,7.75,1000.0,1000.0,0.0,0.0,0.0,0.0,0.0,0.0,0.0,0.0,0.0,0.0,0.0,0.0,0.0,0.0
deadline_constrained__retained_immediate__baseline__standard,retained_immediate,baseline,standard,8.0,1000.0,1000.0,0.0,0.0,0.0,0.0,0.0,0.0,0.0,0.0,0.0,0.0,0.0,0.0,0.0,0.0
deadline_constrained__retained_immediate__baseline__standard,retained_immediate,baseline,standard,8.25,1000.0,1000.0,0.0,0.0,0.0,0.0,0.0,0.0,0.0,0.0,0.0,0.0,0.0,0.0,0.0,0.0
deadline_constrained__retained_immediate__baseline__standard,retained_immediate,baseline,standard,8.5,1000.0,1000.0,0.0,0.0,0.0,0.0,0.0,0.0,0.0,0.0,0.0,0.0,0.0,0.0,0.0,0.0
deadline_constrained__retained_immediate__baseline__standard,retained_immediate,baseline,standard,8.75,1000.0,1000.0,0.0,0.0,0.0,0.0,0.0,0.0,0.0,0.0,0.0,0.0,0.0,0.0,0.0,0.0
deadline_constrained__retained_immediate__baseline__standard,retained_immediate,baseline,standard,9.0,1000.0,1000.0,0.0,0.0,0.0,0.0,0.0,0.0,0.0,0.0,0.0,0.0,0.0,0.0,0.0,0.0
deadline_constrained__retained_immediate__baseline__standard,retained_immediate,baseline,standard,9.25,1000.0,1000.0,0.0,0.0,0.0,0.0,0.0,0.0,0.0,0.0,0.0,0.0,0.0,0.0,0.0,0.0
deadline_constrained__retained_immediate__baseline__standard,retained_immediate,baseline,standard,9.5,1000.0,1000.0,0.0,0.0,0.0,0.0,0.0,0.0,0.0,0.0,0.0,0.0,0.0,0.0,0.0,0.0
deadline_constrained__retained_immediate__baseline__standard,retained_immediate,baseline,standard,9.75,1000.0,1000.0,0.0,0.0,0.0,0.0,0.0,0.0,0.0,0.0,0.0,0.0,0.0,0.0,0.0,0.0
deadline_constrained__retained_immediate__degradation__high,retained_immediate,degradation,high,0.0,0.0,0.0,0.0,0.0,0.0,0.0,0.0,0.0,0.0,0.0,0.0,0.0,0.0,0.0,0.0,0.0
deadline_constrained__retained_immediate__degradation__high,retained_immediate,degradation,high,0.25,0.0,0.0,0.0,0.0,0.0,0.0,0.0,0.0,0.0,0.0,0.0,0.0,0.0,0.0,0.0,0.0
deadline_constrained__retained_immediate__degradation__high,retained_immediate,degradation,high,0.5,0.0,0.0,0.0,0.0,0.0,0.0,0.0,0.0,0.0,0.0,0.0,0.0,0.0,0.0,0.0,0.0
deadline_constrained__retained_immediate__degradation__high,retained_immediate,degradation,high,0.75,0.5,0.0,0.0,0.0,0.0,0.0,0.0,0.0,0.0,0.0,0.0,0.0,0.0,0.0,0.0,0.0
deadline_constrained__retained_immediate__degradation__high,retained_immediate,degradation,high,1.0,14.0,1.5,0.0,12.0,0.0,12.0,0.0,0.0,5.0,0.5,0.0,3.0,0.081533,0.855401,0.0,0.0
deadline_constrained__retained_immediate__degradation__high,retained_immediate,degradation,high,1.25,57.5,6.5,0.0,51.0,0.0,51.0,0.0,0.0,35.0,0.784238,0.0,3.5,0.083918,0.872555,0.0,0.0
deadline_constrained__retained_immediate__degradation__high,retained_immediate,degradation,high,1.5,100.5,11.5,0.0,89.0,0.0,88.0,0.0,0.0,14.0,0.149123,0.0,74.5,0.722953,0.878813,0.0,0.0
deadline_constrained__retained_immediate__degradation__high,retained_immediate,degradation,high,1.75,144.5,16.5,0.0,127.5,0.0,103.5,26.5,0.0,58.0,0.417764,0.0,69.5,0.470394,0.881574,0.0,0.0
deadline_constrained__retained_immediate__degradation__high,retained_immediate,degradation,high,2.0,187.5,21.5,0.0,165.5,0.0,103.0,51.5,13.5,101.0,0.547229,0.0,64.5,0.340232,0.882352,0.0,0.07108
deadline_constrained__retained_immediate__degradation__high,retained_immediate,degradation,high,2.25,230.5,26.0,0.5,198.0,2.0,102.5,52.5,42.5,140.0,0.621401,0.0,59.5,0.256254,0.872843,0.008264,0.189766
deadline_constrained__retained_immediate__degradation__high,retained_immediate,degradation,high,2.5,273.5,27.0,5.5,205.5,37.5,103.0,52.0,52.0,154.0,0.561818,0.0,54.5,0.196943,0.75123,0.134968,0.191573
deadline_constrained__retained_immediate__degradation__high,retained_immediate,degradation,high,2.75,313.0,27.0,10.5,204.5,77.0,103.0,52.0,52.0,156.5,0.499196,0.0,49.5,0.153601,0.648245,0.238507,0.164355
deadline_constrained__retained_immediate__degradation__high,retained_immediate,degradation,high,3.0,357.5,27.0,15.5,206.5,115.0,103.5,51.0,51.0,162.0,0.45341,0.0,44.5,0.121322,0.572249,0.314933,0.144255
deadline_constrained__retained_immediate__degradation__high,retained_immediate,degradation,high,3.25,402.0,27.0,20.5,204.5,154.5,102.5,51.5,51.5,168.5,0.413385,0.0,39.5,0.09591,0.497399,0.38902,0.127421
deadline_constrained__retained_immediate__degradation__high,retained_immediate,degradation,high,3.5,446.5,27.0,25.5,204.5,192.5,102.5,52.0,51.5,173.0,0.382819,0.0,34.5,0.075436,0.450497,0.436534,0.113686
deadline_constrained__retained_immediate__degradation__high,retained_immediate,degradation,high,3.75,490.5,27.0,30.5,202.5,231.0,102.5,51.5,51.5,175.5,0.356992,0.0,29.5,0.059023,0.41222,0.473893,0.106035
deadline_constrained__retained_immediate__degradation__high,retained_immediate,degradation,high,4.0,535.0,27.0,35.5,204.5,267.0,103.0,51.0,51.0,184.5,0.338566,0.0,24.5,0.045222,0.379993,0.505989,0.09555
deadline_constrained__retained_immediate__degradation__high,retained_immediate,degradation,high,4.25,580.0,27.0,40.5,205.5,307.0,104.0,51.5,50.5,185.5,0.316741,0.0,21.0,0.036532,0.352539,0.533103,0.087637
deadline_constrained__retained_immediate__degradation__high,retained_immediate,degradation,high,4.5,624.0,27.0,45.5,207.0,346.5,104.5,51.0,51.5,188.5,0.302629,0.0,18.0,0.029316,0.332527,0.553689,0.083409
deadline_constrained__retained_immediate__degradation__high,retained_immediate,degradation,high,4.75,669.0,27.0,50.5,207.0,387.0,103.5,52.5,51.0,193.5,0.288532,0.0,13.0,0.019459,0.309238,0.576271,0.076749
deadline_constrained__retained_immediate__degradation__high,retained_immediate,degradation,high,5.0,714.0,27.0,55.5,208.0,425.0,105.0,51.5,52.0,191.0,0.272378,0.0,8.5,0.011907,0.291199,0.594708,0.07283
deadline_constrained__retained_immediate__degradation__high,retained_immediate,degradation,high,5.25,759.5,27.0,60.5,207.0,465.0,104.0,52.0,52.0,115.0,0.146721,0.0,90.5,0.113823,0.273799,0.612483,0.068063
deadline_constrained__retained_immediate__degradation__high,retained_immediate,degradation,high,5.5,792.5,27.0,64.0,208.5,499.0,104.5,52.0,52.0,14.5,0.018919,0.0,193.0,0.245982,0.259258,0.627377,0.065014
deadline_constrained__retained_immediate__degradation__high,retained_immediate,degradation,high,5.75,836.0,27.0,69.0,202.5,543.5,99.0,52.0,52.0,15.5,0.018408,0.0,190.5,0.228936,0.243365,0.641231,0.062207
deadline_constrained__retained_immediate__degradation__high,retained_immediate,degradation,high,6.0,882.0,27.0,74.0,203.0,584.5,102.5,51.5,52.0,20.0,0.02371,0.0,185.5,0.211459,0.231889,0.653759,0.059364
deadline_constrained__retained_immediate__degradation__high,retained_immediate,degradation,high,6.25,914.5,27.0,78.5,202.5,608.0,103.0,51.5,51.0,23.5,0.025639,0.0,182.5,0.195844,0.224038,0.660477,0.055951
deadline_constrained__retained_immediate__degradation__high,retained_immediate,degradation,high,6.5,957.5,27.0,83.5,202.5,642.5,104.0,51.5,50.5,27.0,0.027999,0.0,177.5,0.181592,0.213589,0.671264,0.053263
deadline_constrained__retained_immediate__degradation__high,retained_immediate,degradation,high,6.75,999.5,27.0,88.5,196.5,683.5,96.5,52.0,51.0,29.0,0.029604,0.0,172.5,0.173298,0.202604,0.683839,0.052026
deadline_constrained__retained_immediate__degradation__high,retained_immediate,degradation,high,7.0,1000.0,27.0,93.5,152.5,727.0,47.0,52.0,51.5,6.5,0.0065,0.0,167.5,0.1675,0.1525,0.727,0.051836
deadline_constrained__retained_immediate__degradation__high,retained_immediate,degradation,high,7.25,1000.0,27.0,97.0,106.5,768.0,8.0,45.0,52.5,0.0,0.0,0.0,163.0,0.163,0.1065,0.768,0.0525
deadline_constrained__retained_immediate__degradation__high,retained_immediate,degradation,high,7.5,1000.0,27.0,100.5,70.0,801.5,0.0,20.5,48.0,0.0,0.0,0.0,158.0,0.158,0.07,0.8015,0.048
deadline_constrained__retained_immediate__degradation__high,retained_immediate,degradation,high,7.75,1000.0,27.0,105.5,24.0,842.0,0.0,0.0,24.0,0.0,0.0,0.0,153.0,0.153,0.024,0.842,0.024
deadline_constrained__retained_immediate__degradation__high,retained_immediate,degradation,high,8.0,1000.0,27.0,226.5,1.0,725.5,0.0,0.0,1.0,0.0,0.0,0.0,141.5,0.1415,0.001,0.7255,0.001
deadline_constrained__retained_immediate__degradation__high,retained_immediate,degradation,high,8.25,1000.0,27.0,940.5,0.0,27.0,0.0,0.0,0.0,0.0,0.0,0.0,18.5,0.0185,0.0,0.027,0.0
deadline_constrained__retained_immediate__degradation__high,retained_immediate,degradation,high,8.5,1000.0,27.0,973.0,0.0,0.0,0.0,0.0,0.0,0.0,0.0,0.0,0.0,0.0,0.0,0.0,0.0
deadline_constrained__retained_immediate__degradation__high,retained_immediate,degradation,high,8.75,1000.0,27.0,973.0,0.0,0.0,0.0,0.0,0.0,0.0,0.0,0.0,0.0,0.0,0.0,0.0,0.0
deadline_constrained__retained_immediate__degradation__high,retained_immediate,degradation,high,9.0,1000.0,27.0,973.0,0.0,0.0,0.0,0.0,0.0,0.0,0.0,0.0,0.0,0.0,0.0,0.0,0.0
deadline_constrained__retained_immediate__degradation__high,retained_immediate,degradation,high,9.25,1000.0,27.0,973.0,0.0,0.0,0.0,0.0,0.0,0.0,0.0,0.0,0.0,0.0,0.0,0.0,0.0
deadline_constrained__retained_immediate__degradation__high,retained_immediate,degradation,high,9.5,1000.0,27.0,973.0,0.0,0.0,0.0,0.0,0.0,0.0,0.0,0.0,0.0,0.0,0.0,0.0,0.0
deadline_constrained__retained_immediate__degradation__high,retained_immediate,degradation,high,9.75,1000.0,27.0,973.0,0.0,0.0,0.0,0.0,0.0,0.0,0.0,0.0,0.0,0.0,0.0,0.0,0.0
deadline_constrained__retained_immediate__degradation__high,retained_immediate,degradation,high,10.0,1000.0,27.0,973.0,0.0,0.0,0.0,0.0,0.0,0.0,0.0,0.0,0.0,0.0,0.0,0.0,0.0
deadline_constrained__retained_immediate__degradation__high,retained_immediate,degradation,high,10.25,1000.0,27.0,973.0,0.0,0.0,0.0,0.0,0.0,0.0,0.0,0.0,0.0,0.0,0.0,0.0,0.0
deadline_constrained__retained_immediate__degradation__high,retained_immediate,degradation,high,10.5,1000.0,27.0,973.0,0.0,0.0,0.0,0.0,0.0,0.0,0.0,0.0,0.0,0.0,0.0,0.0,0.0
deadline_constrained__retained_immediate__degradation__high,retained_immediate,degradation,high,10.75,1000.0,27.0,973.0,0.0,0.0,0.0,0.0,0.0,0.0,0.0,0.0,0.0,0.0,0.0,0.0,0.0
deadline_constrained__retained_immediate__degradation__high,retained_immediate,degradation,high,11.0,1000.0,27.0,973.0,0.0,0.0,0.0,0.0,0.0,0.0,0.0,0.0,0.0,0.0,0.0,0.0,0.0
deadline_constrained__retained_immediate__degradation__high,retained_immediate,degradation,high,11.25,1000.0,27.0,973.0,0.0,0.0,0.0,0.0,0.0,0.0,0.0,0.0,0.0,0.0,0.0,0.0,0.0
deadline_constrained__retained_immediate__degradation__moderate,retained_immediate,degradation,moderate,0.0,0.0,0.0,0.0,0.0,0.0,0.0,0.0,0.0,0.0,0.0,0.0,0.0,0.0,0.0,0.0,0.0
deadline_constrained__retained_immediate__degradation__moderate,retained_immediate,degradation,moderate,0.25,0.0,0.0,0.0,0.0,0.0,0.0,0.0,0.0,0.0,0.0,0.0,0.0,0.0,0.0,0.0,0.0
deadline_constrained__retained_immediate__degradation__moderate,retained_immediate,degradation,moderate,0.5,0.0,0.0,0.0,0.0,0.0,0.0,0.0,0.0,0.0,0.0,0.0,0.0,0.0,0.0,0.0,0.0
deadline_constrained__retained_immediate__degradation__moderate,retained_immediate,degradation,moderate,0.75,0.5,0.0,0.0,0.5,0.0,0.5,0.0,0.0,0.0,0.0,0.0,0.0,0.0,0.127118,0.0,0.0
deadline_constrained__retained_immediate__degradation__moderate,retained_immediate,degradation,moderate,1.0,1.0,0.5,0.0,1.0,0.0,1.0,0.0,0.0,1.0,0.231093,0.0,0.0,0.0,0.348366,0.0,0.0
deadline_constrained__retained_immediate__degradation__moderate,retained_immediate,degradation,moderate,1.25,45.0,30.0,0.0,14.5,0.0,13.5,0.0,0.0,4.5,0.134493,0.0,10.5,0.132792,0.329457,0.0,0.0
deadline_constrained__retained_immediate__degradation__moderate,retained_immediate,degradation,moderate,1.5,90.0,60.0,0.0,27.0,0.0,27.0,0.0,0.0,15.0,0.180457,0.0,7.5,0.099342,0.325948,0.0,0.0
deadline_constrained__retained_immediate__degradation__moderate,retained_immediate,degradation,moderate,1.75,128.0,85.0,0.0,42.0,0.0,42.0,0.0,0.0,13.0,0.07801,0.0,21.5,0.181185,0.327076,0.0,0.0
deadline_constrained__retained_immediate__degradation__moderate,retained_immediate,degradation,moderate,2.0,167.0,114.5,0.0,53.5,0.0,53.5,0.0,0.0,18.0,0.100291,0.0,28.0,0.173882,0.319653,0.0,0.0
deadline_constrained__retained_immediate__degradation__moderate,retained_immediate,degradation,moderate,2.25,209.0,144.5,0.0,64.0,0.0,64.0,0.0,0.0,38.0,0.196323,0.0,14.0,0.099123,0.323327,0.0,0.0
deadline_constrained__retained_immediate__degradation__moderate,retained_immediate,degradation,moderate,2.5,252.0,173.5,0.0,78.5,0.0,78.5,0.0,0.0,30.0,0.135235,0.0,35.0,0.13837,0.324974,0.0,0.0
deadline_constrained__retained_immediate__degradation__moderate,retained_immediate,degradation,moderate,2.75,292.0,202.5,0.0,92.0,0.0,92.0,0.0,0.0,62.5,0.222751,0.0,29.0,0.101221,0.329652,0.0,0.0
deadline_constrained__retained_immediate__degradation__moderate,retained_immediate,degradation,moderate,3.0,334.5,232.0,0.0,107.0,0.0,97.5,8.0,0.0,40.5,0.114865,0.0,54.5,0.180082,0.33002,0.0,0.0
deadline_constrained__retained_immediate__degradation__moderate,retained_immediate,degradation,moderate,3.25,373.0,260.0,0.0,122.0,0.0,101.5,20.0,0.0,54.5,0.143098,0.0,53.0,0.1597,0.3316,0.0,0.0
deadline_constrained__retained_immediate__degradation__moderate,retained_immediate,degradation,moderate,3.5,417.5,289.0,0.0,137.0,0.0,102.5,34.5,0.0,86.0,0.192858,0.0,58.5,0.141132,0.331781,0.0,0.0
deadline_constrained__retained_immediate__degradation__moderate,retained_immediate,degradation,moderate,3.75,462.5,318.5,0.0,151.0,0.0,98.5,46.0,2.0,46.0,0.136905,0.0,56.5,0.121152,0.326492,0.0,0.004141
deadline_constrained__retained_immediate__degradation__moderate,retained_immediate,degradation,moderate,4.0,506.5,348.5,0.0,166.0,0.0,97.5,51.5,14.5,51.5,0.099548,0.0,79.0,0.18213,0.328337,0.0,0.028201
deadline_constrained__retained_immediate__degradation__moderate,retained_immediate,degradation,moderate,4.25,550.0,377.5,0.0,181.5,0.0,102.0,51.0,29.0,70.0,0.156344,0.0,81.5,0.155838,0.330169,0.0,0.05234
deadline_constrained__retained_immediate__degradation__moderate,retained_immediate,degradation,moderate,4.5,593.5,399.5,0.0,191.5,0.0,103.0,48.0,44.5,90.5,0.158176,0.0,66.0,0.130933,0.315106,0.0,0.073121
deadline_constrained__retained_immediate__degradation__moderate,retained_immediate,degradation,moderate,4.75,630.0,406.5,16.0,197.5,7.0,104.5,51.0,47.5,96.0,0.155904,0.0,64.0,0.096942,0.292994,0.01059,0.074583
deadline_constrained__retained_immediate__degradation__moderate,retained_immediate,degradation,moderate,5.0,658.0,408.5,30.5,202.0,12.5,105.0,49.5,51.5,93.0,0.146388,0.0,80.5,0.116235,0.276359,0.018907,0.072425
deadline_constrained__retained_immediate__degradation__moderate,retained_immediate,degradation,moderate,5.25,703.5,412.5,59.5,204.0,28.5,106.0,52.0,49.0,60.5,0.096098,0.0,87.5,0.135839,0.269115,0.040354,0.066269
deadline_constrained__retained_immediate__degradation__moderate,retained_immediate,degradation,moderate,5.5,749.5,412.5,89.5,208.0,44.5,106.5,52.0,51.5,88.0,0.141884,0.0,57.5,0.082139,0.258424,0.059209,0.064885
deadline_constrained__retained_immediate__degradation__moderate,retained_immediate,degradation,moderate,5.75,794.5,412.5,119.0,208.0,61.5,105.0,52.5,52.0,106.5,0.134043,0.0,104.0,0.1309,0.25368,0.07715,0.061839
deadline_constrained__retained_immediate__degradation__moderate,retained_immediate,degradation,moderate,6.0,840.0,412.5,149.0,210.0,68.5,105.5,53.0,52.5,85.5,0.092155,0.0,96.0,0.116804,0.24894,0.081556,0.059009
deadline_constrained__retained_immediate__degradation__moderate,retained_immediate,degradation,moderate,6.25,887.0,412.5,179.0,209.0,84.5,106.5,52.5,53.0,78.5,0.090941,0.0,90.5,0.106676,0.238361,0.095272,0.058131
deadline_constrained__retained_immediate__degradation__moderate,retained_immediate,degradation,moderate,6.5,933.0,412.5,208.5,202.5,101.0,103.0,53.0,51.5,95.5,0.111153,0.0,91.0,0.103911,0.225895,0.108143,0.055198
deadline_constrained__retained_immediate__degradation__moderate,retained_immediate,degradation,moderate,6.75,955.5,412.5,237.0,206.5,110.5,103.5,53.0,52.5,112.0,0.126362,0.0,84.5,0.088889,0.214937,0.11548,0.054041
deadline_constrained__retained_immediate__degradation__moderate,retained_immediate,degradation,moderate,7.0,980.0,412.5,251.0,189.0,119.5,90.5,53.0,53.0,81.5,0.086145,0.0,77.0,0.086288,0.196143,0.121939,0.0535
deadline_constrained__retained_immediate__degradation__moderate,retained_immediate,degradation,moderate,7.25,1000.0,412.5,279.0,158.0,137.5,55.5,53.0,53.0,27.5,0.0275,0.0,92.5,0.102983,0.158,0.1375,0.053
deadline_constrained__retained_immediate__degradation__moderate,retained_immediate,degradation,moderate,7.5,1000.0,412.5,306.0,110.0,154.5,24.0,43.5,52.0,10.5,0.010778,0.0,97.5,0.0975,0.11,0.1545,0.052
deadline_constrained__retained_immediate__degradation__moderate,retained_immediate,degradation,moderate,7.75,1000.0,412.5,332.5,69.5,173.0,0.0,19.0,44.5,0.0,0.0,0.0,117.5,0.117705,0.074539,0.173,0.0445
deadline_constrained__retained_immediate__degradation__moderate,retained_immediate,degradation,moderate,8.0,1000.0,434.0,519.5,0.0,0.0,0.0,0.0,0.0,0.0,0.0,0.0,0.0,0.0,0.0,0.0,0.0
deadline_constrained__retained_immediate__degradation__moderate,retained_immediate,degradation,moderate,8.25,1000.0,457.0,543.0,0.0,0.0,0.0,0.0,0.0,0.0,0.0,0.0,0.0,0.0,0.0,0.0,0.0
deadline_constrained__retained_immediate__degradation__moderate,retained_immediate,degradation,moderate,8.5,1000.0,457.0,543.0,0.0,0.0,0.0,0.0,0.0,0.0,0.0,0.0,0.0,0.0,0.0,0.0,0.0
deadline_constrained__retained_immediate__degradation__moderate,retained_immediate,degradation,moderate,8.75,1000.0,457.0,543.0,0.0,0.0,0.0,0.0,0.0,0.0,0.0,0.0,0.0,0.0,0.0,0.0,0.0
deadline_constrained__retained_immediate__degradation__moderate,retained_immediate,degradation,moderate,9.0,1000.0,457.0,543.0,0.0,0.0,0.0,0.0,0.0,0.0,0.0,0.0,0.0,0.0,0.0,0.0,0.0
deadline_constrained__retained_immediate__degradation__moderate,retained_immediate,degradation,moderate,9.25,1000.0,457.0,543.0,0.0,0.0,0.0,0.0,0.0,0.0,0.0,0.0,0.0,0.0,0.0,0.0,0.0
deadline_constrained__retained_immediate__degradation__moderate,retained_immediate,degradation,moderate,9.5,1000.0,457.0,543.0,0.0,0.0,0.0,0.0,0.0,0.0,0.0,0.0,0.0,0.0,0.0,0.0,0.0
deadline_constrained__retained_immediate__degradation__moderate,retained_immediate,degradation,moderate,9.75,1000.0,457.0,543.0,0.0,0.0,0.0,0.0,0.0,0.0,0.0,0.0,0.0,0.0,0.0,0.0,0.0
deadline_constrained__retained_immediate__degradation__moderate,retained_immediate,degradation,moderate,10.0,1000.0,457.0,543.0,0.0,0.0,0.0,0.0,0.0,0.0,0.0,0.0,0.0,0.0,0.0,0.0,0.0
deadline_constrained__retained_immediate__degradation__moderate,retained_immediate,degradation,moderate,10.25,1000.0,457.0,543.0,0.0,0.0,0.0,0.0,0.0,0.0,0.0,0.0,0.0,0.0,0.0,0.0,0.0
deadline_constrained__retained_immediate__degradation__moderate,retained_immediate,degradation,moderate,10.5,1000.0,457.0,543.0,0.0,0.0,0.0,0.0,0.0,0.0,0.0,0.0,0.0,0.0,0.0,0.0,0.0
deadline_constrained__retained_immediate__degradation__moderate,retained_immediate,degradation,moderate,10.75,1000.0,457.0,543.0,0.0,0.0,0.0,0.0,0.0,0.0,0.0,0.0,0.0,0.0,0.0,0.0,0.0
deadline_constrained__transient_immediate__backlog_shock__standard,transient_immediate,backlog_shock,standard,0.0,0.0,0.0,0.0,0.0,0.0,0.0,0.0,0.0,0.0,0.0,0.0,0.0,0.0,0.0,0.0,0.0
deadline_constrained__transient_immediate__backlog_shock__standard,transient_immediate,backlog_shock,standard,0.25,0.0,0.0,0.0,0.0,0.0,0.0,0.0,0.0,0.0,0.0,0.0,0.0,0.0,0.0,0.0,0.0
deadline_constrained__transient_immediate__backlog_shock__standard,transient_immediate,backlog_shock,standard,0.5,0.0,0.0,0.0,0.0,0.0,0.0,0.0,0.0,0.0,0.0,0.0,0.0,0.0,0.0,0.0,0.0
deadline_constrained__transient_immediate__backlog_shock__standard,transient_immediate,backlog_shock,standard,0.75,0.0,0.0,0.0,0.0,0.0,0.0,0.0,0.0,0.0,0.0,0.0,0.0,0.0,0.0,0.0,0.0
deadline_constrained__transient_immediate__backlog_shock__standard,transient_immediate,backlog_shock,standard,1.0,31.5,31.5,0.0,0.0,0.0,0.0,0.0,0.0,0.0,0.0,0.0,0.0,0.0,0.0,0.0,0.0
deadline_constrained__transient_immediate__backlog_shock__standard,transient_immediate,backlog_shock,standard,1.25,76.0,76.0,0.0,0.0,0.0,0.0,0.0,0.0,0.0,0.0,0.0,0.0,0.0,0.0,0.0,0.0
deadline_constrained__transient_immediate__backlog_shock__standard,transient_immediate,backlog_shock,standard,1.5,120.5,120.5,0.0,0.0,0.0,0.0,0.0,0.0,0.0,0.0,0.0,0.0,0.0,0.0,0.0,0.0
deadline_constrained__transient_immediate__backlog_shock__standard,transient_immediate,backlog_shock,standard,1.75,165.5,165.5,0.0,0.0,0.0,0.0,0.0,0.0,0.0,0.0,0.0,0.0,0.0,0.0,0.0,0.0
deadline_constrained__transient_immediate__backlog_shock__standard,transient_immediate,backlog_shock,standard,2.0,688.0,200.0,1.0,208.0,279.0,104.5,50.5,52.0,208.0,0.304411,0.0,0.0,0.0,0.304411,0.403471,0.076196
deadline_constrained__transient_immediate__backlog_shock__standard,transient_immediate,backlog_shock,standard,2.25,690.5,200.0,1.0,210.5,279.0,105.0,51.5,53.0,210.5,0.304693,0.0,0.0,0.0,0.304693,0.404486,0.076645
deadline_constrained__transient_immediate__backlog_shock__standard,transient_immediate,backlog_shock,standard,2.5,690.5,200.0,1.0,210.5,279.0,105.0,51.5,53.0,210.5,0.304693,0.0,0.0,0.0,0.304693,0.404486,0.076645
deadline_constrained__transient_immediate__backlog_shock__standard,transient_immediate,backlog_shock,standard,2.75,690.5,200.0,1.0,211.0,279.0,105.0,52.5,53.0,211.0,0.305134,0.0,0.0,0.0,0.305134,0.404486,0.07715
deadline_constrained__transient_immediate__backlog_shock__standard,transient_immediate,backlog_shock,standard,3.0,690.5,200.0,1.0,211.0,279.0,105.0,52.5,53.0,211.0,0.305134,0.0,0.0,0.0,0.305134,0.404486,0.07715
deadline_constrained__transient_immediate__backlog_shock__standard,transient_immediate,backlog_shock,standard,3.25,690.5,200.0,1.0,211.0,279.0,105.0,52.5,53.0,211.0,0.305134,0.0,0.0,0.0,0.305134,0.404486,0.07715
deadline_constrained__transient_immediate__backlog_shock__standard,transient_immediate,backlog_shock,standard,3.5,690.5,200.0,1.0,211.0,279.0,105.0,52.5,53.0,211.0,0.305134,0.0,0.0,0.0,0.305134,0.404486,0.07715
deadline_constrained__transient_immediate__backlog_shock__standard,transient_immediate,backlog_shock,standard,3.75,690.5,200.0,1.0,211.0,279.0,105.0,52.5,53.0,211.0,0.305134,0.0,0.0,0.0,0.305134,0.404486,0.07715
deadline_constrained__transient_immediate__backlog_shock__standard,transient_immediate,backlog_shock,standard,4.0,690.5,200.0,1.0,211.0,279.0,105.0,52.5,53.0,211.0,0.305134,0.0,0.0,0.0,0.305134,0.404486,0.07715
deadline_constrained__transient_immediate__backlog_shock__standard,transient_immediate,backlog_shock,standard,4.25,690.5,200.0,1.0,211.0,279.0,105.0,52.5,53.0,211.0,0.305134,0.0,0.0,0.0,0.305134,0.404486,0.07715
deadline_constrained__transient_immediate__backlog_shock__standard,transient_immediate,backlog_shock,standard,4.5,690.5,200.0,1.0,211.0,279.0,105.0,52.5,53.0,211.0,0.304693,0.0,0.0,0.0,0.304693,0.404486,0.076645
deadline_constrained__transient_immediate__backlog_shock__standard,transient_immediate,backlog_shock,standard,4.75,691.5,200.0,1.0,211.0,279.0,105.0,52.5,53.0,211.0,0.304693,0.0,0.0,0.0,0.304693,0.404193,0.076645
deadline_constrained__transient_immediate__backlog_shock__standard,transient_immediate,backlog_shock,standard,5.0,731.0,436.0,297.0,1.0,0.0,1.0,0.0,0.0,1.0,0.001319,0.0,0.0,0.0,0.001319,0.0,0.0
deadline_constrained__transient_immediate__backlog_shock__standard,transient_immediate,backlog_shock,standard,5.25,773.5,481.5,297.0,1.0,0.0,1.0,0.0,0.0,1.0,0.00128,0.0,0.0,0.0,0.00128,0.0,0.0
deadline_constrained__transient_immediate__backlog_shock__standard,transient_immediate,backlog_shock,standard,5.5,811.5,525.0,297.0,0.0,0.0,0.0,0.0,0.0,0.0,0.0,0.0,0.0,0.0,0.0,0.0,0.0
deadline_constrained__transient_immediate__backlog_shock__standard,transient_immediate,backlog_shock,standard,5.75,854.0,569.5,297.0,0.0,0.0,0.0,0.0,0.0,0.0,0.0,0.0,0.0,0.0,0.0,0.0,0.0
deadline_constrained__transient_immediate__backlog_shock__standard,transient_immediate,backlog_shock,standard,6.0,880.0,594.5,297.0,1.0,0.0,1.0,0.0,0.0,1.0,0.001064,0.0,0.0,0.0,0.001064,0.0,0.0
deadline_constrained__transient_immediate__backlog_shock__standard,transient_immediate,backlog_shock,standard,6.25,915.0,617.5,297.0,1.0,0.0,1.0,0.0,0.0,1.0,0.001041,0.0,0.0,0.0,0.001041,0.0,0.0
deadline_constrained__transient_immediate__backlog_shock__standard,transient_immediate,backlog_shock,standard,6.5,958.5,663.0,297.0,1.0,0.0,1.0,0.0,0.0,1.0,0.001041,0.0,0.0,0.0,0.001041,0.0,0.0
deadline_constrained__transient_immediate__backlog_shock__standard,transient_immediate,backlog_shock,standard,6.75,1000.0,702.5,297.0,0.0,0.0,0.0,0.0,0.0,0.0,0.0,0.0,0.0,0.0,0.0,0.0,0.0
deadline_constrained__transient_immediate__backlog_shock__standard,transient_immediate,backlog_shock,standard,7.0,1000.0,703.0,297.0,0.0,0.0,0.0,0.0,0.0,0.0,0.0,0.0,0.0,0.0,0.0,0.0,0.0
deadline_constrained__transient_immediate__backlog_shock__standard,transient_immediate,backlog_shock,standard,7.25,1000.0,703.0,297.0,0.0,0.0,0.0,0.0,0.0,0.0,0.0,0.0,0.0,0.0,0.0,0.0,0.0
deadline_constrained__transient_immediate__backlog_shock__standard,transient_immediate,backlog_shock,standard,7.5,1000.0,703.0,297.0,0.0,0.0,0.0,0.0,0.0,0.0,0.0,0.0,0.0,0.0,0.0,0.0,0.0
deadline_constrained__transient_immediate__backlog_shock__standard,transient_immediate,backlog_shock,standard,7.75,1000.0,703.0,297.0,0.0,0.0,0.0,0.0,0.0,0.0,0.0,0.0,0.0,0.0,0.0,0.0,0.0
deadline_constrained__transient_immediate__backlog_shock__standard,transient_immediate,backlog_shock,standard,8.0,1000.0,703.0,297.0,0.0,0.0,0.0,0.0,0.0,0.0,0.0,0.0,0.0,0.0,0.0,0.0,0.0
deadline_constrained__transient_immediate__backlog_shock__standard,transient_immediate,backlog_shock,standard,8.25,1000.0,703.0,297.0,0.0,0.0,0.0,0.0,0.0,0.0,0.0,0.0,0.0,0.0,0.0,0.0,0.0
deadline_constrained__transient_immediate__backlog_shock__standard,transient_immediate,backlog_shock,standard,8.5,1000.0,703.0,297.0,0.0,0.0,0.0,0.0,0.0,0.0,0.0,0.0,0.0,0.0,0.0,0.0,0.0
deadline_constrained__transient_immediate__backlog_shock__standard,transient_immediate,backlog_shock,standard,8.75,1000.0,703.0,297.0,0.0,0.0,0.0,0.0,0.0,0.0,0.0,0.0,0.0,0.0,0.0,0.0,0.0
deadline_constrained__transient_immediate__backlog_shock__standard,transient_immediate,backlog_shock,standard,9.0,1000.0,703.0,297.0,0.0,0.0,0.0,0.0,0.0,0.0,0.0,0.0,0.0,0.0,0.0,0.0,0.0
deadline_constrained__transient_immediate__backlog_shock__standard,transient_immediate,backlog_shock,standard,9.25,1000.0,703.0,297.0,0.0,0.0,0.0,0.0,0.0,0.0,0.0,0.0,0.0,0.0,0.0,0.0,0.0
deadline_constrained__transient_immediate__baseline__standard,transient_immediate,baseline,standard,0.0,0.0,0.0,0.0,0.0,0.0,0.0,0.0,0.0,0.0,0.0,0.0,0.0,0.0,0.0,0.0,0.0
deadline_constrained__transient_immediate__baseline__standard,transient_immediate,baseline,standard,0.25,0.0,0.0,0.0,0.0,0.0,0.0,0.0,0.0,0.0,0.0,0.0,0.0,0.0,0.0,0.0,0.0
deadline_constrained__transient_immediate__baseline__standard,transient_immediate,baseline,standard,0.5,0.0,0.0,0.0,0.0,0.0,0.0,0.0,0.0,0.0,0.0,0.0,0.0,0.0,0.0,0.0,0.0
deadline_constrained__transient_immediate__baseline__standard,transient_immediate,baseline,standard,0.75,0.0,0.0,0.0,0.0,0.0,0.0,0.0,0.0,0.0,0.0,0.0,0.0,0.0,0.0,0.0,0.0
deadline_constrained__transient_immediate__baseline__standard,transient_immediate,baseline,standard,1.0,18.5,18.5,0.0,0.0,0.0,0.0,0.0,0.0,0.0,0.0,0.0,0.0,0.0,0.0,0.0,0.0
deadline_constrained__transient_immediate__baseline__standard,transient_immediate,baseline,standard,1.25,63.5,63.5,0.0,0.0,0.0,0.0,0.0,0.0,0.0,0.0,0.0,0.0,0.0,0.0,0.0,0.0
deadline_constrained__transient_immediate__baseline__standard,transient_immediate,baseline,standard,1.5,108.0,108.0,0.0,0.0,0.0,0.0,0.0,0.0,0.0,0.0,0.0,0.0,0.0,0.0,0.0,0.0
deadline_constrained__transient_immediate__baseline__standard,transient_immediate,baseline,standard,1.75,147.0,147.0,0.0,0.0,0.0,0.0,0.0,0.0,0.0,0.0,0.0,0.0,0.0,0.0,0.0,0.0
deadline_constrained__transient_immediate__baseline__standard,transient_immediate,baseline,standard,2.0,192.0,192.0,0.0,0.0,0.0,0.0,0.0,0.0,0.0,0.0,0.0,0.0,0.0,0.0,0.0,0.0
deadline_constrained__transient_immediate__baseline__standard,transient_immediate,baseline,standard,2.25,237.0,237.0,0.0,0.0,0.0,0.0,0.0,0.0,0.0,0.0,0.0,0.0,0.0,0.0,0.0,0.0
deadline_constrained__transient_immediate__baseline__standard,transient_immediate,baseline,standard,2.5,282.5,282.5,0.0,0.0,0.0,0.0,0.0,0.0,0.0,0.0,0.0,0.0,0.0,0.0,0.0,0.0
deadline_constrained__transient_immediate__baseline__standard,transient_immediate,baseline,standard,2.75,327.5,327.5,0.0,0.0,0.0,0.0,0.0,0.0,0.0,0.0,0.0,0.0,0.0,0.0,0.0,0.0
deadline_constrained__transient_immediate__baseline__standard,transient_immediate,baseline,standard,3.0,364.5,364.5,0.0,0.0,0.0,0.0,0.0,0.0,0.0,0.0,0.0,0.0,0.0,0.0,0.0,0.0
deadline_constrained__transient_immediate__baseline__standard,transient_immediate,baseline,standard,3.25,409.5,409.5,0.0,0.0,0.0,0.0,0.0,0.0,0.0,0.0,0.0,0.0,0.0,0.0,0.0,0.0
deadline_constrained__transient_immediate__baseline__standard,transient_immediate,baseline,standard,3.5,455.5,455.5,0.0,0.0,0.0,0.0,0.0,0.0,0.0,0.0,0.0,0.0,0.0,0.0,0.0,0.0
deadline_constrained__transient_immediate__baseline__standard,transient_immediate,baseline,standard,3.75,501.0,501.0,0.0,0.0,0.0,0.0,0.0,0.0,0.0,0.0,0.0,0.0,0.0,0.0,0.0,0.0
deadline_constrained__transient_immediate__baseline__standard,transient_immediate,baseline,standard,4.0,547.0,547.0,0.0,0.0,0.0,0.0,0.0,0.0,0.0,0.0,0.0,0.0,0.0,0.0,0.0,0.0
deadline_constrained__transient_immediate__baseline__standard,transient_immediate,baseline,standard,4.25,589.5,589.5,0.0,0.0,0.0,0.0,0.0,0.0,0.0,0.0,0.0,0.0,0.0,0.0,0.0,0.0
deadline_constrained__transient_immediate__baseline__standard,transient_immediate,baseline,standard,4.5,611.5,611.5,0.0,0.0,0.0,0.0,0.0,0.0,0.0,0.0,0.0,0.0,0.0,0.0,0.0,0.0
deadline_constrained__transient_immediate__baseline__standard,transient_immediate,baseline,standard,4.75,657.5,657.5,0.0,0.0,0.0,0.0,0.0,0.0,0.0,0.0,0.0,0.0,0.0,0.0,0.0,0.0
deadline_constrained__transient_immediate__baseline__standard,transient_immediate,baseline,standard,5.0,695.0,695.0,0.0,0.0,0.0,0.0,0.0,0.0,0.0,0.0,0.0,0.0,0.0,0.0,0.0,0.0
deadline_constrained__transient_immediate__baseline__standard,transient_immediate,baseline,standard,5.25,741.0,741.0,0.0,0.0,0.0,0.0,0.0,0.0,0.0,0.0,0.0,0.0,0.0,0.0,0.0,0.0
deadline_constrained__transient_immediate__baseline__standard,transient_immediate,baseline,standard,5.5,786.5,786.5,0.0,0.0,0.0,0.0,0.0,0.0,0.0,0.0,0.0,0.0,0.0,0.0,0.0,0.0
deadline_constrained__transient_immediate__baseline__standard,transient_immediate,baseline,standard,5.75,832.5,832.5,0.0,0.0,0.0,0.0,0.0,0.0,0.0,0.0,0.0,0.0,0.0,0.0,0.0,0.0
deadline_constrained__transient_immediate__baseline__standard,transient_immediate,baseline,standard,6.0,878.0,878.0,0.0,0.0,0.0,0.0,0.0,0.0,0.0,0.0,0.0,0.0,0.0,0.0,0.0,0.0
deadline_constrained__transient_immediate__baseline__standard,transient_immediate,baseline,standard,6.25,924.0,923.5,0.0,0.5,0.0,0.5,0.0,0.0,0.5,0.000528,0.0,0.0,0.0,0.000528,0.0,0.0
deadline_constrained__transient_immediate__baseline__standard,transient_immediate,baseline,standard,6.5,970.5,970.0,0.0,1.0,0.0,1.0,0.0,0.0,1.0,0.001025,0.0,0.0,0.0,0.001025,0.0,0.0
deadline_constrained__transient_immediate__baseline__standard,transient_immediate,baseline,standard,6.75,1000.0,1000.0,0.0,0.0,0.0,0.0,0.0,0.0,0.0,0.0,0.0,0.0,0.0,0.0,0.0,0.0
deadline_constrained__transient_immediate__baseline__standard,transient_immediate,baseline,standard,7.0,1000.0,1000.0,0.0,0.0,0.0,0.0,0.0,0.0,0.0,0.0,0.0,0.0,0.0,0.0,0.0,0.0
deadline_constrained__transient_immediate__baseline__standard,transient_immediate,baseline,standard,7.25,1000.0,1000.0,0.0,0.0,0.0,0.0,0.0,0.0,0.0,0.0,0.0,0.0,0.0,0.0,0.0,0.0
deadline_constrained__transient_immediate__baseline__standard,transient_immediate,baseline,standard,7.5,1000.0,1000.0,0.0,0.0,0.0,0.0,0.0,0.0,0.0,0.0,0.0,0.0,0.0,0.0,0.0,0.0
deadline_constrained__transient_immediate__baseline__standard,transient_immediate,baseline,standard,7.75,1000.0,1000.0,0.0,0.0,0.0,0.0,0.0,0.0,0.0,0.0,0.0,0.0,0.0,0.0,0.0,0.0
deadline_constrained__transient_immediate__baseline__standard,transient_immediate,baseline,standard,8.0,1000.0,1000.0,0.0,0.0,0.0,0.0,0.0,0.0,0.0,0.0,0.0,0.0,0.0,0.0,0.0,0.0
deadline_constrained__transient_immediate__baseline__standard,transient_immediate,baseline,standard,8.25,1000.0,1000.0,0.0,0.0,0.0,0.0,0.0,0.0,0.0,0.0,0.0,0.0,0.0,0.0,0.0,0.0
deadline_constrained__transient_immediate__baseline__standard,transient_immediate,baseline,standard,8.5,1000.0,1000.0,0.0,0.0,0.0,0.0,0.0,0.0,0.0,0.0,0.0,0.0,0.0,0.0,0.0,0.0
deadline_constrained__transient_immediate__baseline__standard,transient_immediate,baseline,standard,8.75,1000.0,1000.0,0.0,0.0,0.0,0.0,0.0,0.0,0.0,0.0,0.0,0.0,0.0,0.0,0.0,0.0
deadline_constrained__transient_immediate__baseline__standard,transient_immediate,baseline,standard,9.0,1000.0,1000.0,0.0,0.0,0.0,0.0,0.0,0.0,0.0,0.0,0.0,0.0,0.0,0.0,0.0,0.0
deadline_constrained__transient_immediate__baseline__standard,transient_immediate,baseline,standard,9.25,1000.0,1000.0,0.0,0.0,0.0,0.0,0.0,0.0,0.0,0.0,0.0,0.0,0.0,0.0,0.0,0.0
deadline_constrained__transient_immediate__baseline__standard,transient_immediate,baseline,standard,9.5,1000.0,1000.0,0.0,0.0,0.0,0.0,0.0,0.0,0.0,0.0,0.0,0.0,0.0,0.0,0.0,0.0
deadline_constrained__transient_immediate__degradation__high,transient_immediate,degradation,high,0.0,0.0,0.0,0.0,0.0,0.0,0.0,0.0,0.0,0.0,0.0,0.0,0.0,0.0,0.0,0.0,0.0
deadline_constrained__transient_immediate__degradation__high,transient_immediate,degradation,high,0.25,0.0,0.0,0.0,0.0,0.0,0.0,0.0,0.0,0.0,0.0,0.0,0.0,0.0,0.0,0.0,0.0
deadline_constrained__transient_immediate__degradation__high,transient_immediate,degradation,high,0.5,0.0,0.0,0.0,0.0,0.0,0.0,0.0,0.0,0.0,0.0,0.0,0.0,0.0,0.0,0.0,0.0
deadline_constrained__transient_immediate__degradation__high,transient_immediate,degradation,high,0.75,0.0,0.0,0.0,0.0,0.0,0.0,0.0,0.0,0.0,0.0,0.0,0.0,0.0,0.0,0.0,0.0
deadline_constrained__transient_immediate__degradation__high,transient_immediate,degradation,high,1.0,36.0,5.0,0.0,31.0,0.0,31.0,0.0,0.0,31.0,0.861111,0.0,0.0,0.0,0.861111,0.0,0.0
deadline_constrained__transient_immediate__degradation__high,transient_immediate,degradation,high,1.25,62.5,8.0,0.0,54.5,0.0,54.5,0.0,0.0,54.5,0.873547,0.0,0.0,0.0,0.873547,0.0,0.0
deadline_constrained__transient_immediate__degradation__high,transient_immediate,degradation,high,1.5,106.0,13.0,0.0,93.5,0.0,89.5,2.5,0.0,93.5,0.877226,0.0,0.0,0.0,0.877226,0.0,0.0
deadline_constrained__transient_immediate__degradation__high,transient_immediate,degradation,high,1.75,151.0,18.0,0.0,133.0,0.0,105.0,28.5,0.0,133.0,0.880775,0.0,0.0,0.0,0.880775,0.0,0.0
deadline_constrained__transient_immediate__degradation__high,transient_immediate,degradation,high,2.0,195.5,23.0,0.0,172.5,0.0,103.5,52.0,16.0,172.5,0.882682,0.0,0.0,0.0,0.882682,0.0,0.074887
deadline_constrained__transient_immediate__degradation__high,transient_immediate,degradation,high,2.25,240.5,26.5,1.5,200.0,9.5,104.5,52.0,45.5,200.0,0.845382,0.0,0.0,0.0,0.845382,0.036539,0.188953
deadline_constrained__transient_immediate__degradation__high,transient_immediate,degradation,high,2.5,286.0,27.0,6.0,208.5,42.5,105.0,51.5,53.0,208.5,0.739492,0.0,0.0,0.0,0.739492,0.146338,0.186096
deadline_constrained__transient_immediate__degradation__high,transient_immediate,degradation,high,2.75,313.5,27.0,9.0,209.0,67.5,105.0,52.0,52.0,209.0,0.668818,0.0,0.0,0.0,0.668818,0.217039,0.165882
deadline_constrained__transient_immediate__degradation__high,transient_immediate,degradation,high,3.0,351.5,27.0,13.0,209.5,100.5,105.0,52.0,52.0,209.5,0.597962,0.0,0.0,0.0,0.597962,0.28592,0.149576
deadline_constrained__transient_immediate__degradation__high,transient_immediate,degradation,high,3.25,396.5,27.0,18.0,209.0,141.0,105.0,52.0,52.0,209.0,0.528902,0.0,0.0,0.0,0.528902,0.355615,0.131646
deadline_constrained__transient_immediate__degradation__high,transient_immediate,degradation,high,3.5,441.5,27.0,23.0,209.5,181.0,105.0,52.0,52.5,209.5,0.476783,0.0,0.0,0.0,0.476783,0.409967,0.118537
deadline_constrained__transient_immediate__degradation__high,transient_immediate,degradation,high,3.75,487.0,27.0,28.0,209.0,220.5,104.5,52.5,52.0,209.0,0.432428,0.0,0.0,0.0,0.432428,0.453238,0.107944
deadline_constrained__transient_immediate__degradation__high,transient_immediate,degradation,high,4.0,531.0,27.0,33.0,209.0,260.0,103.5,53.0,52.5,209.0,0.392795,0.0,0.0,0.0,0.392795,0.492356,0.098883
deadline_constrained__transient_immediate__degradation__high,transient_immediate,degradation,high,4.25,575.0,27.0,38.0,208.0,300.5,104.5,52.5,53.0,208.0,0.362115,0.0,0.0,0.0,0.362115,0.522466,0.091844
deadline_constrained__transient_immediate__degradation__high,transient_immediate,degradation,high,4.5,619.5,27.0,43.0,209.0,340.5,105.0,52.0,52.0,209.0,0.335435,0.0,0.0,0.0,0.335435,0.552212,0.085072
deadline_constrained__transient_immediate__degradation__high,transient_immediate,degradation,high,4.75,662.5,27.0,48.0,209.5,381.0,105.0,51.5,52.0,209.5,0.314236,0.0,0.0,0.0,0.314236,0.573329,0.078494
deadline_constrained__transient_immediate__degradation__high,transient_immediate,degradation,high,5.0,708.0,27.0,53.0,209.0,421.0,105.0,52.5,52.0,209.0,0.296472,0.0,0.0,0.0,0.296472,0.591571,0.073995
deadline_constrained__transient_immediate__degradation__high,transient_immediate,degradation,high,5.25,750.0,27.0,58.0,205.0,463.0,104.0,52.0,52.0,205.0,0.276485,0.0,0.0,0.0,0.276485,0.610199,0.069217
deadline_constrained__transient_immediate__degradation__high,transient_immediate,degradation,high,5.5,792.5,27.0,63.0,207.0,503.0,103.5,52.5,52.5,207.0,0.262089,0.0,0.0,0.0,0.262089,0.62586,0.065433
deadline_constrained__transient_immediate__degradation__high,transient_immediate,degradation,high,5.75,837.5,27.0,68.0,208.0,543.5,104.5,51.5,52.0,208.0,0.248111,0.0,0.0,0.0,0.248111,0.639529,0.061955
deadline_constrained__transient_immediate__degradation__high,transient_immediate,degradation,high,6.0,883.5,27.0,73.0,209.0,581.0,105.5,52.0,52.5,209.0,0.235063,0.0,0.0,0.0,0.235063,0.652852,0.059018
deadline_constrained__transient_immediate__degradation__high,transient_immediate,degradation,high,6.25,929.5,27.0,78.0,209.0,621.5,104.5,53.0,52.5,209.0,0.224416,0.0,0.0,0.0,0.224416,0.664226,0.056293
deadline_constrained__transient_immediate__degradation__high,transient_immediate,degradation,high,6.5,975.0,27.0,83.0,208.0,656.5,104.5,52.5,52.5,208.0,0.213203,0.0,0.0,0.0,0.213203,0.674974,0.053401
deadline_constrained__transient_immediate__degradation__high,transient_immediate,degradation,high,6.75,1000.0,27.0,88.0,184.5,700.0,79.5,53.0,52.0,184.5,0.1845,0.0,0.0,0.0,0.1845,0.7,0.052
deadline_constrained__transient_immediate__degradation__high,transient_immediate,degradation,high,7.0,1000.0,27.0,93.0,134.5,745.0,31.5,52.5,52.0,134.5,0.1345,0.0,0.0,0.0,0.1345,0.745,0.052
deadline_constrained__transient_immediate__degradation__high,transient_immediate,degradation,high,7.25,1000.0,27.0,98.0,87.5,787.5,0.0,34.5,52.5,87.5,0.0875,0.0,0.0,0.0,0.0875,0.7875,0.0525
deadline_constrained__transient_immediate__degradation__high,transient_immediate,degradation,high,7.5,1000.0,27.0,103.0,49.0,821.0,0.0,0.5,45.0,49.0,0.049,0.0,0.0,0.0,0.049,0.821,0.045
deadline_constrained__transient_immediate__degradation__high,transient_immediate,degradation,high,7.75,1000.0,27.0,106.0,12.0,855.0,0.0,0.0,12.0,12.0,0.012,0.0,0.0,0.0,0.012,0.855,0.012
deadline_constrained__transient_immediate__degradation__high,transient_immediate,degradation,high,8.0,1000.0,27.0,595.0,0.0,378.0,0.0,0.0,0.0,0.0,0.0,0.0,0.0,0.0,0.0,0.378,0.0
deadline_constrained__transient_immediate__degradation__high,transient_immediate,degradation,high,8.25,1000.0,27.0,970.5,0.0,0.0,0.0,0.0,0.0,0.0,0.0,0.0,0.0,0.0,0.0,0.0,0.0
deadline_constrained__transient_immediate__degradation__high,transient_immediate,degradation,high,8.5,1000.0,27.0,973.0,0.0,0.0,0.0,0.0,0.0,0.0,0.0,0.0,0.0,0.0,0.0,0.0,0.0
deadline_constrained__transient_immediate__degradation__high,transient_immediate,degradation,high,8.75,1000.0,27.0,973.0,0.0,0.0,0.0,0.0,0.0,0.0,0.0,0.0,0.0,0.0,0.0,0.0,0.0
deadline_constrained__transient_immediate__degradation__high,transient_immediate,degradation,high,9.0,1000.0,27.0,973.0,0.0,0.0,0.0,0.0,0.0,0.0,0.0,0.0,0.0,0.0,0.0,0.0,0.0
deadline_constrained__transient_immediate__degradation__high,transient_immediate,degradation,high,9.25,1000.0,27.0,973.0,0.0,0.0,0.0,0.0,0.0,0.0,0.0,0.0,0.0,0.0,0.0,0.0,0.0
deadline_constrained__transient_immediate__degradation__high,transient_immediate,degradation,high,9.5,1000.0,27.0,973.0,0.0,0.0,0.0,0.0,0.0,0.0,0.0,0.0,0.0,0.0,0.0,0.0,0.0
deadline_constrained__transient_immediate__degradation__high,transient_immediate,degradation,high,9.75,1000.0,27.0,973.0,0.0,0.0,0.0,0.0,0.0,0.0,0.0,0.0,0.0,0.0,0.0,0.0,0.0
deadline_constrained__transient_immediate__degradation__high,transient_immediate,degradation,high,10.0,1000.0,27.0,973.0,0.0,0.0,0.0,0.0,0.0,0.0,0.0,0.0,0.0,0.0,0.0,0.0,0.0
deadline_constrained__transient_immediate__degradation__high,transient_immediate,degradation,high,10.25,1000.0,27.0,973.0,0.0,0.0,0.0,0.0,0.0,0.0,0.0,0.0,0.0,0.0,0.0,0.0,0.0
deadline_constrained__transient_immediate__degradation__high,transient_immediate,degradation,high,10.5,1000.0,27.0,973.0,0.0,0.0,0.0,0.0,0.0,0.0,0.0,0.0,0.0,0.0,0.0,0.0,0.0
deadline_constrained__transient_immediate__degradation__high,transient_immediate,degradation,high,10.75,1000.0,27.0,973.0,0.0,0.0,0.0,0.0,0.0,0.0,0.0,0.0,0.0,0.0,0.0,0.0,0.0
deadline_constrained__transient_immediate__degradation__high,transient_immediate,degradation,high,11.0,1000.0,27.0,973.0,0.0,0.0,0.0,0.0,0.0,0.0,0.0,0.0,0.0,0.0,0.0,0.0,0.0
deadline_constrained__transient_immediate__degradation__moderate,transient_immediate,degradation,moderate,0.0,0.0,0.0,0.0,0.0,0.0,0.0,0.0,0.0,0.0,0.0,0.0,0.0,0.0,0.0,0.0,0.0
deadline_constrained__transient_immediate__degradation__moderate,transient_immediate,degradation,moderate,0.25,0.0,0.0,0.0,0.0,0.0,0.0,0.0,0.0,0.0,0.0,0.0,0.0,0.0,0.0,0.0,0.0
deadline_constrained__transient_immediate__degradation__moderate,transient_immediate,degradation,moderate,0.5,0.0,0.0,0.0,0.0,0.0,0.0,0.0,0.0,0.0,0.0,0.0,0.0,0.0,0.0,0.0,0.0
deadline_constrained__transient_immediate__degradation__moderate,transient_immediate,degradation,moderate,0.75,0.0,0.0,0.0,0.0,0.0,0.0,0.0,0.0,0.0,0.0,0.0,0.0,0.0,0.0,0.0,0.0
deadline_constrained__transient_immediate__degradation__moderate,transient_immediate,degradation,moderate,1.0,32.5,22.0,0.0,10.5,0.0,10.5,0.0,0.0,10.5,0.324952,0.0,0.0,0.0,0.324952,0.0,0.0
deadline_constrained__transient_immediate__degradation__moderate,transient_immediate,degradation,moderate,1.25,52.5,35.0,0.0,17.5,0.0,17.5,0.0,0.0,17.5,0.333333,0.0,0.0,0.0,0.333333,0.0,0.0
deadline_constrained__transient_immediate__degradation__moderate,transient_immediate,degradation,moderate,1.5,86.0,57.0,0.0,29.0,0.0,29.0,0.0,0.0,29.0,0.337593,0.0,0.0,0.0,0.337593,0.0,0.0
deadline_constrained__transient_immediate__degradation__moderate,transient_immediate,degradation,moderate,1.75,124.5,82.0,0.0,42.5,0.0,42.5,0.0,0.0,42.5,0.338985,0.0,0.0,0.0,0.338985,0.0,0.0
deadline_constrained__transient_immediate__degradation__moderate,transient_immediate,degradation,moderate,2.0,170.5,112.0,0.0,58.5,0.0,58.5,0.0,0.0,58.5,0.342323,0.0,0.0,0.0,0.342323,0.0,0.0
deadline_constrained__transient_immediate__degradation__moderate,transient_immediate,degradation,moderate,2.25,216.5,142.0,0.0,74.5,0.0,74.5,0.0,0.0,74.5,0.343071,0.0,0.0,0.0,0.343071,0.0,0.0
deadline_constrained__transient_immediate__degradation__moderate,transient_immediate,degradation,moderate,2.5,260.0,171.0,0.0,89.0,0.0,89.0,0.0,0.0,89.0,0.342695,0.0,0.0,0.0,0.342695,0.0,0.0
deadline_constrained__transient_immediate__degradation__moderate,transient_immediate,degradation,moderate,2.75,306.0,201.0,0.0,103.0,0.0,101.5,0.5,0.0,103.0,0.343507,0.0,0.0,0.0,0.343507,0.0,0.0
deadline_constrained__transient_immediate__degradation__moderate,transient_immediate,degradation,moderate,3.0,344.5,231.0,0.0,119.0,0.0,107.0,16.0,0.0,119.0,0.345257,0.0,0.0,0.0,0.345257,0.0,0.0
deadline_constrained__transient_immediate__degradation__moderate,transient_immediate,degradation,moderate,3.25,389.0,261.0,0.0,135.0,0.0,107.0,31.0,0.0,135.0,0.346049,0.0,0.0,0.0,0.346049,0.0,0.0
deadline_constrained__transient_immediate__degradation__moderate,transient_immediate,degradation,moderate,3.5,435.5,291.0,0.0,151.5,0.0,107.0,44.5,0.0,151.5,0.346369,0.0,0.0,0.0,0.346369,0.0,0.0
deadline_constrained__transient_immediate__degradation__moderate,transient_immediate,degradation,moderate,3.75,481.5,321.0,0.0,167.5,0.0,107.0,53.0,8.0,167.5,0.347597,0.0,0.0,0.0,0.347597,0.0,0.01749
deadline_constrained__transient_immediate__degradation__moderate,transient_immediate,degradation,moderate,4.0,528.0,351.0,0.0,184.0,0.0,107.0,53.0,23.5,184.0,0.347618,0.0,0.0,0.0,0.347618,0.0,0.044453
deadline_constrained__transient_immediate__degradation__moderate,transient_immediate,degradation,moderate,4.25,575.0,381.0,0.0,201.0,0.0,107.0,54.0,40.0,201.0,0.348793,0.0,0.0,0.0,0.348793,0.0,0.069533
deadline_constrained__transient_immediate__degradation__moderate,transient_immediate,degradation,moderate,4.5,620.5,397.0,6.5,214.0,3.0,107.0,53.0,53.5,214.0,0.335415,0.0,0.0,0.0,0.335415,0.004759,0.084243
deadline_constrained__transient_immediate__degradation__moderate,transient_immediate,degradation,moderate,4.75,665.5,398.5,36.0,214.0,19.5,107.0,53.5,54.0,214.0,0.312728,0.0,0.0,0.0,0.312728,0.029258,0.078545
deadline_constrained__transient_immediate__degradation__moderate,transient_immediate,degradation,moderate,5.0,712.0,398.5,65.5,214.0,35.5,107.0,53.0,54.0,214.0,0.291356,0.0,0.0,0.0,0.291356,0.049811,0.073272
deadline_constrained__transient_immediate__degradation__moderate,transient_immediate,degradation,moderate,5.25,758.5,398.5,95.0,212.0,54.0,106.0,53.0,53.0,212.0,0.276022,0.0,0.0,0.0,0.276022,0.070487,0.068437
deadline_constrained__transient_immediate__degradation__moderate,transient_immediate,degradation,moderate,5.5,805.0,399.0,125.0,212.5,70.0,106.0,53.0,53.0,212.5,0.260984,0.0,0.0,0.0,0.260984,0.086916,0.065271
deadline_constrained__transient_immediate__degradation__moderate,transient_immediate,degradation,moderate,5.75,852.0,399.0,155.0,212.0,86.5,106.5,53.0,53.0,212.0,0.246826,0.0,0.0,0.0,0.246826,0.100766,0.061213
deadline_constrained__transient_immediate__degradation__moderate,transient_immediate,degradation,moderate,6.0,884.5,399.0,185.0,208.0,103.0,106.5,53.0,52.0,208.0,0.233104,0.0,0.0,0.0,0.233104,0.11417,0.058929
deadline_constrained__transient_immediate__degradation__moderate,transient_immediate,degradation,moderate,6.25,931.5,399.0,215.0,209.5,120.0,105.5,53.5,52.5,209.5,0.225659,0.0,0.0,0.0,0.225659,0.126899,0.05618
deadline_constrained__transient_immediate__degradation__moderate,transient_immediate,degradation,moderate,6.5,978.5,399.0,244.5,203.0,136.0,98.5,53.0,53.0,203.0,0.209756,0.0,0.0,0.0,0.209756,0.138057,0.055188
deadline_constrained__transient_immediate__degradation__moderate,transient_immediate,degradation,moderate,6.75,1000.0,399.0,273.5,171.0,154.0,78.5,52.5,53.0,171.0,0.171,0.0,0.0,0.0,0.171,0.155,0.054
deadline_constrained__transient_immediate__degradation__moderate,transient_immediate,degradation,moderate,7.0,1000.0,399.0,302.5,136.0,165.0,34.5,53.5,52.5,136.0,0.136,0.0,0.0,0.0,0.136,0.165,0.053596
deadline_constrained__transient_immediate__degradation__moderate,transient_immediate,degradation,moderate,7.25,1000.0,399.0,309.5,117.0,170.5,31.5,50.5,52.0,117.0,0.117,0.0,0.0,0.0,0.117,0.1705,0.0525
deadline_constrained__transient_immediate__degradation__moderate,transient_immediate,degradation,moderate,7.5,1000.0,399.0,338.5,87.0,185.5,0.0,37.0,51.5,87.0,0.087,0.0,0.0,0.0,0.087,0.1855,0.0515
deadline_constrained__transient_immediate__degradation__moderate,transient_immediate,degradation,moderate,7.75,1000.0,399.0,359.5,43.0,198.0,0.0,0.0,38.5,43.0,0.043,0.0,0.0,0.0,0.043,0.198,0.0385
deadline_constrained__transient_immediate__degradation__moderate,transient_immediate,degradation,moderate,8.0,1000.0,399.0,474.5,0.0,87.5,0.0,0.0,0.0,0.0,0.0,0.0,0.0,0.0,0.0,0.0875,0.0
deadline_constrained__transient_immediate__degradation__moderate,transient_immediate,degradation,moderate,8.25,1000.0,401.0,599.0,0.0,0.0,0.0,0.0,0.0,0.0,0.0,0.0,0.0,0.0,0.0,0.0,0.0
deadline_constrained__transient_immediate__degradation__moderate,transient_immediate,degradation,moderate,8.5,1000.0,401.0,599.0,0.0,0.0,0.0,0.0,0.0,0.0,0.0,0.0,0.0,0.0,0.0,0.0,0.0
deadline_constrained__transient_immediate__degradation__moderate,transient_immediate,degradation,moderate,8.75,1000.0,401.0,599.0,0.0,0.0,0.0,0.0,0.0,0.0,0.0,0.0,0.0,0.0,0.0,0.0,0.0
deadline_constrained__transient_immediate__degradation__moderate,transient_immediate,degradation,moderate,9.0,1000.0,401.0,599.0,0.0,0.0,0.0,0.0,0.0,0.0,0.0,0.0,0.0,0.0,0.0,0.0,0.0
deadline_constrained__transient_immediate__degradation__moderate,transient_immediate,degradation,moderate,9.25,1000.0,401.0,599.0,0.0,0.0,0.0,0.0,0.0,0.0,0.0,0.0,0.0,0.0,0.0,0.0,0.0
deadline_constrained__transient_immediate__degradation__moderate,transient_immediate,degradation,moderate,9.5,1000.0,401.0,599.0,0.0,0.0,0.0,0.0,0.0,0.0,0.0,0.0,0.0,0.0,0.0,0.0,0.0
deadline_constrained__transient_immediate__degradation__moderate,transient_immediate,degradation,moderate,9.75,1000.0,401.0,599.0,0.0,0.0,0.0,0.0,0.0,0.0,0.0,0.0,0.0,0.0,0.0,0.0,0.0
deadline_constrained__transient_immediate__degradation__moderate,transient_immediate,degradation,moderate,10.0,1000.0,401.0,599.0,0.0,0.0,0.0,0.0,0.0,0.0,0.0,0.0,0.0,0.0,0.0,0.0,0.0
deadline_constrained__transient_immediate__degradation__moderate,transient_immediate,degradation,moderate,10.25,1000.0,401.0,599.0,0.0,0.0,0.0,0.0,0.0,0.0,0.0,0.0,0.0,0.0,0.0,0.0,0.0
deadline_constrained__transient_immediate__degradation__moderate,transient_immediate,degradation,moderate,10.5,1000.0,401.0,599.0,0.0,0.0,0.0,0.0,0.0,0.0,0.0,0.0,0.0,0.0,0.0,0.0,0.0
